Rotation -30 deg zeroZ 4400
1 -154.294 296.766 4394.831
2 -128.083 342.084 4394.255
3 -143.360 319.258 4395.349
4 -116.249 327.982 4395.736
5 -104.162 326.659 4395.512
6 -74.937 372.755 4395.542
7 -63.367 349.003 4397.015
8 -142.772 305.574 4395.238
9 1.636 386.536 4400.376
10 -63.692 361.876 4396.145
11 -75.631 356.804 4396.257
12 -150.935 282.419 4394.758
13 -140.829 274.767 4394.495
14 -76.429 326.935 4397.514
15 37.890 440.895 4398.871
16 -150.146 311.838 4394.790
17 28.117 416.650 4399.339
18 -102.320 356.766 4394.434
19 -89.382 366.483 4394.440
20 -50.040 356.180 4397.859
21 -24.352 371.441 4399.655
22 -76.444 341.806 4396.539
23 -126.175 326.687 4395.611
24 -145.843 289.431 4394.743
25 -129.527 309.359 4395.392
26 15.126 393.462 4400.530
27 -168.367 290.674 4395.440
28 -11.402 379.323 4400.360
29 -115.474 319.562 4395.733
30 -37.068 364.007 4398.815
31 -89.381 334.428 4396.171
32 -11.424 394.380 4400.094
33 27.696 431.597 4398.369
34 290.071 205.886 4399.038
35 -349.131 -445.403 4392.528
36 -167.149 -159.766 4395.253
37 -297.183 -384.787 4392.531
38 -349.159 -414.629 4392.735
39 -323.388 -176.492 4394.918
40 -298.893 -414.777 4393.791
41 -309.713 -378.113 4392.661
42 -349.224 -400.620 4392.779
43 -336.111 -183.017 4394.714
44 -204.514 -78.134 4394.116
45 -297.163 -490.399 4396.718
46 -297.169 -160.633 4395.435
47 -244.310 -145.569 4394.796
48 -232.029 -152.264 4394.764
49 -245.113 -160.590 4396.187
50 -322.274 -191.166 4395.551
51 -244.514 -505.190 4395.955
52 -305.853 -167.942 4395.739
53 -349.173 -175.505 4394.402
54 -284.316 -408.077 4395.147
55 -349.002 -325.576 4392.691
56 -297.119 -444.450 4396.950
57 -284.197 -137.984 4393.899
58 -308.594 -453.142 4396.466
59 -167.535 -69.027 4394.446
60 -141.279 -174.720 4395.526
61 -308.246 -467.981 4396.686
62 -258.389 -482.932 4397.276
63 157.994 -170.843 4403.961
64 -153.383 -108.094 4395.050
65 -258.187 -512.824 4396.984
66 -334.595 -392.978 4392.749
67 -426.140 -250.767 4393.122
68 -401.833 -192.645 4392.806
69 -297.236 -354.791 4392.963
70 -309.977 -362.421 4392.452
71 -245.277 -520.392 4396.971
72 -323.186 -399.731 4392.614
73 121.124 -170.876 4401.618
74 -309.990 -349.359 4393.088
75 -284.236 -377.093 4392.506
76 -309.585 -392.257 4392.438
77 -180.191 -78.059 4394.234
78 -298.744 -370.907 4392.710
79 -323.240 -474.611 4396.160
80 -325.423 -416.154 4392.289
81 -193.324 -84.915 4393.817
82 -336.147 -228.014 4394.947
83 -167.294 -129.908 4394.673
84 -193.330 -71.110 4394.178
85 -179.632 -136.990 4394.892
86 -193.235 -54.776 4394.143
87 -167.244 -99.732 4394.316
88 -193.162 -114.822 4394.281
89 -336.261 -467.149 4392.873
90 -193.747 -41.794 4394.165
91 -178.741 -123.116 4394.666
92 -179.466 -33.092 4394.785
93 -180.199 -48.101 4394.306
94 -193.525 -130.548 4394.911
95 -232.273 -498.074 4397.126
96 -193.253 -160.581 4394.920
97 -310.209 -512.132 4396.410
98 -206.126 -93.089 4394.069
99 -310.199 -482.103 4396.530
100 -167.613 -116.307 4394.499
101 -171.773 -171.333 4395.178
102 -362.143 -482.069 4391.810
103 -153.422 -168.091 4395.336
104 -279.963 -152.723 4395.520
105 -170.018 -142.348 4395.191
106 -199.645 -123.302 4394.414
107 -220.183 -87.323 4393.715
108 -222.376 -112.438 4394.422
109 -178.642 -63.021 4394.380
110 -176.720 -153.765 4395.033
111 -153.516 -150.861 4395.513
112 -310.176 -542.974 4396.200
113 -232.200 -483.089 4397.390
114 -167.024 -58.490 4394.523
115 -336.195 -527.097 4396.047
116 -154.081 -181.589 4395.709
117 -336.227 -497.088 4395.963
118 -116.455 -160.476 4395.625
119 -399.444 -235.250 4393.469
120 -219.341 -505.592 4397.331
121 -336.097 -452.030 4392.538
122 -144.135 -105.154 4394.688
123 -153.216 -138.153 4395.198
124 -361.849 -228.082 4394.188
125 -400.995 -204.593 4393.416
126 -127.404 -165.274 4395.594
127 -375.061 -235.340 4393.902
128 -154.200 -122.248 4394.907
129 -336.140 -437.921 4392.024
130 -401.353 -221.171 4393.269
131 -128.008 -152.204 4395.608
132 -349.081 -190.614 4394.573
133 -401.082 -250.528 4393.029
134 -141.182 -113.079 4394.963
135 -335.431 -213.158 4394.947
136 -361.454 -183.107 4394.500
137 -335.098 -199.785 4395.001
138 -412.788 -270.630 4393.288
139 -193.307 -144.758 4394.894
140 -271.168 -490.322 4397.281
141 -193.053 -24.675 4394.455
142 -245.258 -490.525 4397.290
143 -271.176 -460.331 4397.477
144 -297.082 -460.353 4397.221
145 -258.080 -497.855 4397.301
146 -284.090 -467.788 4396.969
147 -284.018 -481.954 4397.188
148 -297.245 -475.440 4396.950
149 -414.090 -213.009 4393.233
150 -324.829 -385.653 4392.466
151 -127.280 -183.204 4395.684
152 -245.064 -70.431 4394.557
153 -415.772 -247.892 4393.208
154 -271.192 -400.530 4396.807
155 -427.013 -235.403 4393.012
156 -258.209 -378.172 4397.496
157 -378.368 -213.916 4393.787
158 -259.473 -82.527 4395.592
159 -154.054 -93.434 4394.365
160 -386.520 -212.879 4393.273
161 -427.156 -220.388 4393.121
162 -284.079 -437.839 4397.213
163 -362.075 -167.988 4394.161
164 -177.991 -165.903 4395.712
165 -141.275 -190.465 4395.977
166 -414.084 -227.858 4393.386
167 -295.352 -144.149 4393.571
168 -141.358 -133.733 4395.465
169 -311.583 -149.979 4394.873
170 -258.205 -452.844 4397.423
171 -271.169 -445.301 4397.459
172 -128.325 -138.046 4395.474
173 -245.319 -475.540 4397.547
174 -245.221 -460.582 4397.770
175 -258.055 -467.835 4397.637
176 -232.200 -512.881 4397.166
177 -141.278 -144.681 4395.574
178 -178.566 -93.251 4393.593
179 -375.179 -205.765 4393.793
180 -204.615 -108.207 4394.104
181 -180.235 -108.192 4394.363
182 -167.780 -86.978 4394.132
183 -193.868 -101.466 4394.008
184 -282.106 -363.048 4392.573
185 -386.417 -183.133 4392.859
186 -388.002 -197.218 4393.211
187 -375.051 -190.518 4393.620
188 -379.982 -173.494 4393.212
189 -271.159 -475.347 4397.403
190 -427.185 -266.229 4393.058
191 -363.516 -217.473 4394.363
192 -386.709 -230.340 4393.433
193 -414.050 -256.999 4393.397
194 -361.675 -198.018 4394.577
195 -348.270 -206.084 4394.758
196 -282.676 -393.063 4392.850
197 -349.493 -221.027 4394.601
198 -324.718 -205.468 4395.344
199 -388.012 -242.941 4393.545
200 -436.621 -258.817 4392.821
201 -336.148 -168.430 4393.539
202 -317.230 -160.391 4394.577
203 -439.975 -227.845 4392.840
204 -349.059 -384.690 4392.940
205 -284.154 -556.983 4397.023
206 -336.195 -377.178 4392.766
207 -323.127 -339.713 4392.967
208 -349.044 -370.559 4392.963
209 -258.175 -542.830 4396.748
210 -349.054 -340.543 4392.653
211 -324.771 -355.721 4392.744
212 -284.181 -497.983 4396.838
213 -271.227 -385.677 4395.685
214 -349.190 -355.576 4392.647
215 -271.191 -505.365 4396.886
216 -284.141 -526.977 4396.908
217 -219.263 -490.639 4397.363
218 27.579 -528.507 4417.928
219 -219.242 -445.640 4398.144
220 -193.387 -535.570 4398.383
221 -206.283 -528.047 4398.096
222 -180.391 -543.037 4398.131
223 -206.300 -483.113 4397.792
224 -219.295 -460.593 4397.810
225 -180.417 -513.097 4398.457
226 -219.267 -475.605 4397.668
227 -464.081 -257.937 4392.854
228 -439.952 -287.968 4392.701
229 -193.379 -460.631 4398.367
230 -206.326 -542.185 4398.100
231 -180.413 -528.068 4398.208
232 -428.562 -295.556 4393.058
233 -479.145 -279.549 4392.682
234 -466.011 -273.006 4392.713
235 -492.034 -317.972 4392.392
236 404.808 33.695 4401.475
237 -482.227 -295.769 4392.475
238 -455.096 -280.770 4393.147
239 -452.912 -294.662 4392.779
240 -362.093 -287.200 4393.787
241 -492.030 -347.170 4392.521
242 -466.138 -362.130 4392.066
243 -479.399 -308.955 4392.395
244 -362.150 -273.063 4394.101
245 -154.282 -243.178 4396.877
246 -324.086 -325.553 4392.858
247 -313.972 -340.048 4392.963
248 -334.532 -333.066 4392.606
249 -297.287 -429.875 4395.609
250 -388.264 -438.019 4391.754
251 -309.103 -407.353 4393.269
252 -376.874 -415.461 4391.801
253 -414.128 -452.160 4392.006
254 -414.007 -479.370 4391.793
255 -376.805 -430.399 4391.610
256 -388.041 -347.965 4392.008
257 -426.984 -370.495 4391.979
258 -362.184 -362.241 4391.952
259 -361.764 -348.042 4393.006
260 -362.126 -332.998 4392.744
261 -427.436 -386.805 4391.458
262 -401.082 -384.728 4392.395
263 -414.059 -362.992 4392.181
264 -466.037 -422.966 4391.568
265 -362.110 -407.219 4392.976
266 -362.164 -393.002 4391.648
267 -414.068 -392.264 4392.256
268 -180.412 -437.285 4398.255
269 -167.444 -445.594 4398.694
270 -180.268 -422.312 4398.779
271 -232.301 -587.052 4396.882
272 92.247 -386.429 4412.191
273 -167.382 -429.808 4398.539
274 14.675 -535.510 4417.397
275 -154.415 -453.116 4398.897
276 -170.814 -421.910 4398.788
277 -245.106 -400.566 4397.959
278 -258.142 -422.839 4397.574
279 -232.260 -423.134 4398.228
280 -232.261 -408.121 4398.217
281 -245.172 -415.553 4398.094
282 -206.227 -453.139 4398.003
283 -336.221 -347.242 4392.692
284 -193.338 -445.568 4398.123
285 -375.212 -369.656 4391.962
286 -387.283 -363.103 4391.998
287 -219.279 -430.596 4398.555
289 -219.238 -415.632 4398.613
290 -492.006 -287.981 4392.128
291 -334.466 -365.670 4392.583
292 -206.323 -422.264 4398.728
293 41.066 -565.883 4417.844
294 -193.302 -430.619 4398.773
295 -401.160 -295.553 4393.117
296 -375.102 -310.555 4392.961
297 -387.987 -303.018 4393.111
298 -362.134 -452.998 4392.386
299 -414.038 -303.006 4393.155
300 -362.209 -422.981 4392.523
301 -375.804 -295.934 4392.934
302 -232.259 -452.273 4397.949
303 -388.954 -287.675 4392.958
304 -360.583 -437.890 4392.515
305 -388.149 -318.065 4393.233
306 -349.210 -430.417 4392.832
308 -440.067 -437.156 4391.245
309 -362.013 -377.997 4392.817
310 -323.297 -369.662 4392.505
311 -336.089 -407.108 4392.386
312 -375.905 -357.430 4391.626
313 -349.086 -265.517 4395.730
314 -245.314 -445.552 4397.919
315 64.224 -399.605 4411.738
316 27.651 -573.127 4417.066
317 -438.342 -303.074 4392.665
318 -206.296 -498.121 4398.139
319 -23.296 -272.492 4400.352
320 80.952 -393.690 4411.584
321 418.183 26.578 4401.390
322 -115.257 -128.721 4395.586
323 -440.054 -378.014 4392.144
324 -466.066 -392.171 4392.461
325 -440.061 -407.119 4391.713
326 -167.340 -235.653 4397.126
327 -152.634 -200.013 4396.452
328 -401.137 -354.617 4392.258
329 -412.496 -348.071 4392.543
330 -401.061 -341.904 4391.974
331 -178.627 -198.280 4395.916
332 -154.268 -258.142 4397.326
333 -427.693 -280.408 4393.079
334 -167.351 -250.623 4397.070
335 -154.331 -228.115 4397.319
336 -193.350 -520.596 4398.422
337 -517.978 -242.957 4392.208
338 -427.067 -310.438 4393.120
339 -401.039 -264.663 4392.889
340 -531.601 -207.543 4392.172
341 -375.154 -279.716 4393.118
342 -518.127 -213.109 4392.373
343 -386.576 -272.082 4393.325
344 -388.045 -258.054 4393.190
345 -452.997 -263.936 4392.742
346 -480.043 -267.761 4392.587
347 -193.377 -414.687 4398.773
348 3.507 -155.813 4397.275
349 -219.294 -399.747 4398.656
350 -362.228 -512.545 4395.380
351 -258.237 -572.017 4396.872
352 -440.037 -362.952 4392.302
353 92.572 -175.912 4400.227
354 -232.124 -557.006 4397.265
355 -387.897 -333.014 4391.983
356 -375.129 -339.682 4392.566
357 -427.571 -357.365 4392.302
358 -206.349 -513.076 4398.086
359 -206.251 -408.129 4399.069
360 -362.023 -317.206 4392.838
361 -438.310 -333.120 4391.771
362 -492.031 -257.153 4392.040
363 -490.760 -243.097 4392.422
364 -440.095 -347.991 4392.061
365 -453.944 -342.836 4391.762
366 -544.067 -287.990 4392.278
367 -518.147 -302.998 4392.257
368 -11.267 -445.686 4408.328
369 -401.064 -325.600 4392.529
370 -323.131 -219.705 4396.271
371 -517.980 -333.039 4392.003
372 -544.113 -317.939 4391.587
373 79.696 -408.017 4411.017
374 -414.028 -333.036 4391.702
375 -505.390 -251.930 4392.173
376 -258.128 -407.929 4397.755
377 -387.385 -497.985 4391.243
378 -388.192 -468.024 4392.253
379 -569.940 -242.989 4393.115
380 -362.056 -258.110 4394.345
381 -375.159 -265.590 4394.055
382 -283.647 -422.156 4396.776
383 -505.362 -264.173 4392.139
384 -112.697 -190.637 4395.486
385 -375.117 -249.673 4394.238
386 -505.046 -235.425 4392.355
387 -516.307 -227.879 4392.481
388 -219.211 -520.335 4397.561
389 -362.070 -243.051 4394.338
390 -284.149 -452.810 4397.017
391 -245.245 -430.585 4398.058
392 -206.308 -468.117 4398.109
393 -271.301 -415.532 4397.381
394 -271.073 -430.314 4397.650
395 -232.261 -437.279 4397.999
396 -232.291 -468.114 4397.675
397 -180.396 -558.064 4397.975
398 -258.145 -437.821 4397.911
399 -232.123 -527.953 4396.958
400 -491.959 -377.075 4392.467
401 -414.134 -423.035 4392.379
402 -206.456 -572.155 4397.216
403 -464.623 -317.188 4392.426
404 -454.582 -324.624 4392.160
405 -439.953 -317.970 4392.364
406 -388.138 -378.034 4392.126
407 -466.121 -302.937 4392.430
408 -219.054 -131.380 4394.839
409 -375.115 -399.717 4392.023
410 -375.369 -386.234 4392.025
411 -388.000 -423.035 4391.343
412 -388.178 -407.136 4392.076
413 -334.569 -422.939 4392.190
414 265.303 -199.784 4407.459
415 -102.137 -153.008 4395.450
416 249.338 -176.555 4406.220
417 249.203 -205.635 4408.470
418 -481.024 -248.997 4392.502
419 -490.122 -273.090 4392.373
420 -145.101 -155.385 4395.657
421 -375.134 -325.429 4392.563
422 -244.994 -84.818 4393.266
423 340.228 -18.351 4401.227
424 366.208 -3.302 4401.238
425 236.198 -168.446 4405.255
426 118.878 -162.565 4400.316
427 -440.085 -168.101 4392.149
428 -414.028 -153.124 4392.377
429 -426.825 -160.529 4392.387
430 339.988 11.964 4400.473
431 353.023 19.472 4400.769
432 327.118 4.426 4400.460
433 340.048 -3.166 4400.767
434 -228.787 -65.896 4394.395
435 -452.831 -160.562 4392.183
436 -258.099 -183.012 4401.270
437 419.708 71.611 4405.400
438 353.178 -9.525 4401.051
439 379.148 34.509 4401.901
440 444.363 26.613 4401.617
441 405.263 63.997 4403.011
442 353.208 34.105 4401.932
443 301.363 1.083 4398.900
444 443.423 41.547 4402.253
445 288.378 -77.538 4400.356
446 352.943 63.617 4401.180
447 222.933 -55.778 4400.690
448 223.538 -39.930 4400.515
449 353.188 79.151 4401.618
450 378.379 229.057 4401.508
451 -479.024 -160.726 4392.435
452 -232.179 -78.164 4393.504
453 404.973 3.471 4401.178
454 -543.240 -256.520 4392.195
455 431.198 -10.471 4401.610
456 428.513 -26.597 4401.579
457 -517.015 -270.894 4391.550
458 418.208 -32.452 4401.459
459 327.318 -70.940 4401.216
460 -531.097 -188.746 4392.141
461 326.458 -53.821 4401.518
462 340.073 -78.404 4401.596
463 405.333 19.082 4401.374
464 314.168 -62.505 4401.005
465 223.638 -116.051 4401.365
466 367.448 86.323 4401.949
467 210.173 -123.427 4401.242
468 391.953 26.795 4401.843
469 -51.301 -632.224 4415.703
470 327.183 64.238 4400.601
471 236.248 -108.389 4401.062
472 379.203 94.134 4402.691
473 16.642 -431.675 4409.703
474 340.298 56.529 4401.174
475 210.008 -78.099 4400.037
476 392.258 -3.359 4401.381
478 210.288 -108.494 4400.650
479 223.108 -101.064 4400.605
480 210.708 -65.326 4400.209
481 -271.584 -146.603 4395.205
482 392.238 11.617 4401.311
483 -102.519 -139.452 4395.276
484 210.288 -93.473 4400.243
485 -245.436 -131.572 4393.818
486 223.213 -85.866 4400.468
487 222.918 -71.021 4400.100
488 288.068 -183.180 4407.028
489 314.158 -168.552 4406.515
490 301.023 -176.070 4406.914
491 -75.757 -498.463 4407.356
492 -128.015 -543.259 4399.938
493 -36.656 -475.185 4411.898
494 104.918 -415.992 4411.283
496 -19.700 -452.901 4409.309
497 1.867 -438.063 4409.633
498 -24.306 -512.053 4415.120
499 29.081 -483.196 4411.738
500 -37.253 -460.699 4410.337
501 -257.926 -168.128 4399.468
502 16.722 -566.998 4415.559
503 -126.065 -527.957 4400.922
504 -272.135 -161.126 4396.198
505 431.358 79.134 4403.488
506 455.398 93.010 4404.185
507 -231.108 -91.964 4393.846
508 469.903 85.955 4403.100
509 470.363 71.658 4402.860
510 470.218 42.442 4402.338
511 -303.382 -182.672 4397.671
512 444.298 70.820 4402.682
513 470.298 56.625 4402.395
514 457.343 79.123 4403.026
515 262.298 -18.377 4400.287
516 -218.995 -101.005 4395.171
517 249.143 -40.641 4400.340
518 -245.183 -100.474 4395.124
519 274.973 -25.696 4400.731
520 -229.046 -108.921 4395.675
521 249.273 -25.875 4400.572
522 -274.878 -116.100 4394.430
523 -271.013 -130.691 4394.010
524 -271.180 -220.762 4400.841
525 -284.167 -120.352 4393.734
526 275.013 -11.155 4399.913
527 288.603 -3.559 4399.799
528 301.078 -10.726 4399.826
529 -0.197 -557.968 4413.450
530 -11.218 -550.542 4412.483
531 105.468 -543.861 4415.663
532 -12.165 -537.416 4415.716
533 80.822 -513.102 4414.877
534 1.729 -543.032 4415.546
535 92.677 -505.471 4414.042
536 -37.315 -564.626 4410.875
537 -50.167 -573.041 4410.285
538 -25.192 -498.236 4413.829
539 79.552 -123.277 4398.019
540 -43.495 -496.653 4412.779
541 2.548 -574.367 4414.207
542 -37.033 -490.740 4413.087
543 81.772 -423.028 4410.805
544 53.692 -513.014 4416.903
545 80.288 -468.267 4410.988
546 67.622 -443.857 4410.191
547 66.327 -505.618 4415.712
548 -23.650 -589.353 4413.869
549 104.751 -395.177 4411.579
550 105.623 -467.925 4411.658
551 79.894 -378.373 4411.892
552 91.792 -536.460 4416.102
553 -49.759 -483.698 4410.471
554 89.450 -476.423 4411.594
555 101.467 -157.085 4399.902
556 53.795 -499.668 4416.472
557 67.515 -522.291 4416.378
558 101.716 -107.920 4398.690
559 100.757 -123.396 4396.069
560 103.408 -203.052 4404.152
561 -50.070 -468.744 4410.257
562 54.395 -543.958 4417.051
563 54.419 -526.076 4417.397
564 102.028 -144.815 4399.721
565 102.288 -182.850 4401.179
566 92.699 -127.841 4396.032
567 40.444 -505.900 4417.194
568 -24.442 -573.927 4412.692
569 -63.466 -566.788 4409.648
570 -63.404 -205.711 4396.369
571 -75.699 -303.304 4399.067
572 -25.101 -529.940 4413.966
573 -37.167 -505.606 4412.838
574 10.425 -549.455 4415.844
575 67.243 -492.328 4413.895
576 1.779 -453.065 4409.471
577 262.213 -92.429 4400.706
578 483.338 109.170 4402.822
579 392.368 56.569 4402.582
580 -86.050 -205.080 4396.116
581 327.163 18.982 4401.110
582 457.198 19.946 4401.831
583 -86.818 -520.790 4405.700
584 441.818 54.783 4402.769
585 431.413 63.382 4402.613
586 456.803 33.465 4401.968
587 379.363 49.112 4402.756
588 -75.878 -379.951 4403.845
589 470.343 101.667 4403.097
590 314.173 11.571 4400.665
591 340.248 26.642 4401.163
592 366.228 41.662 4402.266
593 66.735 -415.526 4411.267
594 457.168 49.144 4402.255
595 -74.629 -204.846 4396.274
596 40.773 -476.067 4410.276
597 37.529 -491.156 4413.404
598 -76.270 -213.001 4396.557
599 -11.448 -205.859 4397.544
600 -282.933 -168.562 4396.734
601 27.743 -468.020 4409.485
602 -232.129 -167.973 4396.140
603 -259.132 -157.888 4395.688
604 57.612 -437.904 4410.728
605 -98.079 -557.663 4405.841
606 -297.212 -175.889 4396.229
607 14.676 -489.853 4412.916
608 28.649 -542.964 4416.768
609 30.204 -499.432 4415.904
610 1.464 -498.773 4415.953
611 -76.177 -543.083 4406.588
612 -89.090 -550.494 4405.942
613 41.552 -552.241 4417.090
614 106.083 -441.089 4411.369
615 -90.713 -535.500 4404.188
616 28.291 -513.434 4417.422
617 -141.228 -250.663 4396.881
618 -141.044 -520.748 4400.239
619 -76.521 -528.843 4406.432
620 -141.249 -505.768 4400.102
621 -15.081 -168.127 4397.225
622 -50.387 -228.281 4396.742
623 11.413 -152.667 4397.280
624 -11.472 -175.750 4396.860
625 14.559 -160.844 4397.078
626 134.288 -81.472 4399.090
627 -24.405 -183.273 4396.867
628 1.633 -168.257 4396.999
629 1.505 -408.641 4409.423
630 -74.293 -479.613 4407.343
631 50.985 -453.109 4409.722
632 67.085 -462.246 4410.668
633 1.521 -333.226 4406.073
634 2.376 -301.842 4405.314
635 14.682 -310.667 4407.077
636 -11.588 -310.793 4404.422
637 -63.390 -491.487 4408.923
638 -206.320 -333.000 4404.915
639 -219.703 -385.548 4398.885
640 -193.829 -399.572 4399.394
641 -243.342 -370.613 4398.325
642 -11.193 -295.884 4403.298
643 -12.752 -329.572 4405.395
644 -210.522 -398.194 4398.816
645 1.625 -318.158 4406.521
646 40.204 -159.491 4396.025
647 1.704 -468.190 4409.499
648 -11.392 -489.479 4413.255
649 12.783 -474.506 4409.734
650 -193.649 -357.121 4402.888
651 14.082 -463.303 4409.338
652 73.320 -116.832 4398.193
653 -64.162 -519.652 4407.817
654 1.699 -482.015 4411.123
655 -11.253 -475.581 4411.789
656 79.702 -498.035 4412.717
657 104.758 -453.685 4411.072
658 92.586 -490.429 4412.031
659 2.037 -363.705 4406.365
660 -128.169 -109.209 4394.941
661 66.792 -295.805 4410.290
662 -112.319 -147.112 4396.055
663 79.807 -303.252 4411.374
664 -24.198 -377.217 4405.332
665 65.931 -310.861 4410.091
666 -128.028 -558.114 4400.635
667 -138.162 -535.328 4399.176
668 -145.475 -549.366 4399.647
669 -89.736 -294.001 4398.106
670 -89.026 -565.893 4407.070
671 -127.648 -516.161 4401.011
672 -63.550 -474.142 4408.766
673 56.376 -555.124 4418.321
674 92.493 -370.062 4412.309
675 -115.069 -490.503 4401.003
676 67.561 -535.027 4417.120
677 -48.588 -543.810 4410.203
678 -103.709 -540.165 4402.586
679 -93.327 -510.185 4405.916
680 28.895 -561.492 4416.741
681 -102.267 -528.034 4402.757
682 92.597 -565.573 4419.111
683 -15.576 -567.209 4412.544
684 104.214 -336.321 4413.860
685 -24.413 -438.223 4407.678
686 66.700 -384.608 4411.789
687 105.689 -558.035 4416.872
688 107.288 -503.126 4413.323
689 -50.369 -438.283 4406.521
690 105.707 -528.042 4415.392
691 66.771 -551.302 4417.849
692 -49.898 -423.852 4404.744
693 26.833 -618.190 4422.659
694 52.902 -603.103 4421.964
695 40.599 -145.735 4397.335
696 66.545 -144.951 4396.574
697 53.578 -631.457 4426.189
698 78.893 -619.439 4424.349
699 -76.739 -588.361 4409.864
700 -89.364 -280.778 4397.684
701 1.455 -603.185 4417.841
702 27.360 -588.378 4418.400
703 -50.523 -603.234 4412.814
704 -0.029 -633.199 4420.303
705 -37.345 -280.827 4400.388
706 37.029 -138.438 4397.606
707 -102.451 -603.258 4406.900
708 -75.433 -618.313 4411.667
709 105.341 -603.285 4420.160
710 80.934 -587.936 4423.423
711 14.937 -173.591 4395.657
712 104.864 -573.243 4419.272
713 131.251 -618.240 4419.747
714 117.769 -569.093 4418.208
715 -66.908 -198.750 4396.502
716 -49.911 -198.293 4396.595
717 -63.804 -218.670 4395.148
718 92.648 -145.528 4399.537
719 -40.720 -183.920 4396.854
720 -206.187 -62.991 4393.961
721 -194.708 -206.547 4397.233
722 -219.116 -58.026 4394.422
723 -220.698 -70.372 4393.497
724 -303.857 -211.762 4397.676
725 -297.426 -401.474 4392.620
726 -323.115 -460.417 4394.939
727 183.968 87.053 4398.601
728 1.735 -528.018 4417.511
729 -100.074 -170.003 4396.416
730 -132.950 -130.070 4395.559
731 -88.969 -160.894 4395.350
732 92.377 -550.671 4416.957
733 -50.044 -452.081 4407.822
734 82.640 -528.128 4416.239
735 79.851 -558.168 4419.373
736 -75.351 -467.132 4407.719
737 -48.640 -528.205 4409.596
738 27.515 -153.273 4397.203
739 -24.491 -618.184 4416.210
740 66.498 -130.848 4397.704
741 80.674 -138.549 4397.781
742 92.030 -116.769 4398.283
743 2.637 -513.443 4415.974
744 40.458 -250.001 4402.619
745 105.263 -484.034 4411.878
746 40.477 -235.895 4401.798
747 53.464 -243.435 4402.952
748 53.487 -228.394 4402.302
749 27.365 -273.367 4404.537
750 53.573 -213.410 4401.008
751 27.471 -228.417 4399.912
752 40.417 -220.810 4400.477
753 27.487 -258.259 4402.540
754 41.020 -265.894 4404.565
755 14.449 -235.868 4399.655
756 1.506 -244.694 4399.118
758 53.564 -572.603 4419.783
759 -24.445 -288.327 4401.432
760 27.581 -243.373 4401.394
761 53.576 -467.095 4409.925
762 104.292 -354.984 4413.481
763 -63.161 -505.555 4408.473
764 65.680 -563.234 4419.939
765 -11.411 -250.815 4398.775
766 14.545 -280.934 4404.532
767 1.579 -258.371 4401.006
768 1.519 -288.407 4404.477
769 -63.401 -235.962 4397.298
770 -7.590 -275.644 4401.366
771 1.527 -273.351 4401.992
772 102.017 -243.553 4407.938
773 28.320 -438.103 4409.724
774 -62.827 -536.394 4408.983
775 195.967 125.418 4397.878
776 -37.203 -550.031 4410.747
777 93.330 -521.737 4415.437
778 -206.878 -598.802 4396.884
779 53.525 -138.434 4398.133
780 -285.030 -347.712 4394.572
781 104.460 -257.483 4409.921
782 -93.052 -446.118 4404.443
783 -23.258 -469.444 4412.434
784 -31.862 -515.388 4413.454
785 -63.308 -459.394 4407.852
786 78.080 -543.260 4416.860
787 -24.291 -481.604 4413.242
788 53.826 -422.992 4410.778
789 104.201 -232.818 4406.504
790 40.641 -454.557 4409.622
791 -50.462 -243.639 4397.418
792 -50.363 -258.424 4398.803
793 90.469 -460.616 4411.483
794 14.622 -504.784 4415.892
795 -10.525 -519.623 4415.693
796 -20.705 -213.199 4397.673
797 -102.067 -514.110 4402.693
798 -36.964 -536.448 4412.318
799 -89.308 -264.951 4396.986
800 -76.120 -513.065 4407.147
801 -24.151 -557.978 4411.155
802 -127.494 -303.413 4398.298
803 -115.121 -505.589 4402.283
804 -115.236 -537.221 4401.603
805 -11.329 -505.533 4415.766
806 -24.255 -543.104 4412.106
807 -115.128 -520.514 4401.851
808 -89.565 -490.654 4406.017
809 -115.158 -550.506 4402.834
810 -180.501 -587.126 4397.707
811 -128.532 -618.285 4404.628
812 -128.332 -588.071 4403.682
813 -154.297 -603.152 4401.781
814 -154.285 -528.231 4399.547
815 -37.493 -251.530 4398.497
816 27.612 -423.264 4410.175
817 -154.392 -573.156 4398.604
818 40.044 -415.836 4410.983
819 -37.501 -190.786 4396.818
820 -152.934 -542.093 4398.314
821 -219.647 -327.031 4402.954
822 53.498 -168.372 4398.997
823 53.989 -408.337 4411.413
824 1.538 -423.210 4409.113
825 -11.847 -339.708 4406.092
826 79.483 -153.396 4399.233
827 -24.382 -333.180 4405.778
828 14.566 -190.899 4398.679
829 1.515 -198.353 4398.422
830 27.568 -183.440 4398.700
831 40.380 -175.031 4398.899
832 66.472 -160.832 4398.854
833 -24.428 -318.172 4404.446
834 -24.412 -303.101 4403.574
835 -37.353 -325.622 4404.599
836 -37.498 -220.912 4396.838
837 205.173 -24.271 4398.527
838 -89.359 -235.816 4396.355
839 -140.694 -356.233 4402.837
840 -152.791 -375.055 4400.819
841 -154.339 -363.134 4402.001
842 40.936 -446.247 4409.459
843 -50.213 -513.066 4409.972
844 27.668 -453.108 4409.342
845 -102.395 -243.268 4396.675
846 14.467 -264.927 4401.775
847 -96.726 -257.614 4397.412
848 -115.415 -251.499 4396.914
849 -115.194 -235.767 4396.494
850 40.727 -430.531 4410.598
851 -193.215 -189.891 4395.831
852 14.832 -444.461 4409.613
853 91.207 -416.777 4410.718
854 78.162 -452.202 4410.548
855 92.783 -429.638 4410.766
856 80.131 -483.170 4411.928
857 79.766 -438.034 4410.659
858 -115.174 -565.741 4403.007
859 92.273 -446.154 4411.063
860 -101.854 -454.281 4403.440
861 -76.804 -453.309 4406.354
862 -63.351 -445.358 4406.262
863 104.882 -423.086 4411.168
864 -115.292 -430.531 4403.172
865 -138.817 -340.087 4404.517
866 -115.009 -221.105 4396.106
867 -244.863 -235.616 4402.718
868 -127.719 -438.201 4403.072
869 -128.407 -453.030 4400.555
870 -11.598 -266.113 4400.985
871 -115.798 -477.388 4400.080
872 -128.301 -483.233 4399.661
873 -124.777 -333.036 4403.593
874 -127.939 -243.241 4396.833
875 -128.246 -258.167 4397.087
876 -154.286 -303.086 4400.148
877 92.034 -400.743 4411.366
878 53.583 -483.023 4411.557
879 40.646 -520.508 4417.376
880 -180.255 -363.152 4402.789
881 40.265 -535.085 4416.659
882 196.298 213.755 4399.761
883 -126.369 -230.409 4396.257
884 -141.369 -220.645 4396.507
885 14.644 -520.606 4417.715
886 53.392 -348.273 4411.496
887 53.554 -378.273 4411.685
888 -141.182 -265.643 4397.146
889 -141.220 -235.706 4396.887
890 -115.230 -295.815 4397.772
891 54.454 -364.553 4411.366
892 -219.032 -249.798 4400.303
893 27.824 -378.600 4410.164
894 -101.858 -288.310 4397.666
895 92.415 -279.909 4410.631
896 -115.355 -265.906 4397.101
897 79.471 -258.040 4407.560
898 92.559 -250.630 4407.854
899 -128.498 -288.179 4397.542
900 -205.333 -197.903 4397.167
901 195.793 -4.052 4398.835
902 -191.279 -292.724 4399.756
903 -245.011 -251.951 4400.663
904 -205.052 -257.230 4400.062
905 -220.448 -282.107 4402.015
906 -231.062 -271.991 4401.262
907 -115.339 -280.853 4397.378
908 -206.052 -183.185 4395.410
909 -220.058 -266.654 4401.135
910 -413.920 -167.241 4392.963
911 482.123 -25.065 4402.304
912 -412.344 -198.344 4393.377
913 27.564 -303.160 4407.367
914 -402.664 -370.589 4392.436
915 -336.585 -318.112 4392.891
916 -517.852 -183.142 4392.676
917 -452.908 -205.613 4392.837
918 14.489 -250.852 4401.560
919 -466.050 -332.140 4392.370
920 -37.403 -264.859 4399.079
921 -37.473 -310.690 4403.353
922 -218.060 -208.550 4399.978
923 -24.559 -258.404 4398.727
924 -50.485 -273.288 4399.665
925 -167.702 -341.494 4407.467
926 -165.496 -325.775 4403.506
927 -153.750 -318.220 4400.837
928 -154.352 -332.225 4403.465
929 -50.539 -318.167 4403.095
930 66.296 -432.036 4410.654
931 -49.790 -558.153 4410.191
932 66.735 -474.586 4411.202
933 102.596 -363.787 4413.013
934 377.885 213.822 4401.118
935 14.466 -325.925 4407.338
936 -50.135 -393.055 4403.853
937 -49.238 -408.343 4404.685
938 -88.916 -476.197 4404.880
939 -76.092 -558.016 4406.934
940 -63.249 -548.791 4408.506
941 -102.404 -273.248 4397.077
942 -89.456 -310.765 4399.797
943 -206.144 -213.185 4397.747
944 -218.564 -221.852 4400.161
945 -76.430 -333.190 4402.747
947 27.545 -318.268 4407.461
948 -117.662 -309.389 4398.697
949 -167.319 -385.663 4399.622
950 -63.868 -324.122 4402.211
951 -76.440 -318.160 4399.902
952 -63.509 -339.017 4403.828
953 -154.014 -349.650 4405.611
954 -102.934 -483.053 4402.256
955 -101.900 -573.082 4405.841
956 -115.348 -370.710 4401.204
957 -172.694 -356.909 4404.888
958 -180.256 -348.199 4407.476
959 -257.957 -123.126 4394.041
960 -206.087 -153.079 4395.286
961 -100.437 -468.154 4402.556
962 -218.810 -173.669 4396.221
963 1.773 -182.249 4395.458
964 -86.066 -252.105 4396.902
965 -76.041 -438.817 4404.341
966 -24.155 -408.800 4405.853
967 -24.098 -424.935 4407.032
968 78.483 -337.052 4412.712
969 -205.970 -168.523 4395.517
970 -11.302 -416.026 4407.902
971 -193.336 -235.707 4398.208
972 -154.241 -212.948 4396.852
973 -167.283 -205.739 4396.254
974 -179.690 -243.214 4397.296
975 -180.295 -228.489 4396.652
976 -37.404 -430.809 4406.435
977 -232.051 -198.180 4404.003
978 -205.322 -223.321 4398.653
979 -245.077 -205.681 4406.086
980 -167.311 -220.668 4396.764
981 -193.192 -175.673 4395.243
982 66.564 -354.963 4412.405
983 -37.415 -355.592 4405.696
984 -232.142 -319.384 4400.735
985 -16.548 -356.438 4405.925
986 -24.478 -348.187 4405.615
987 -24.568 -363.093 4405.813
988 -37.518 -340.659 4405.076
989 -51.742 -351.966 4405.501
990 158.058 -78.177 4398.530
991 -41.847 -298.353 4400.655
992 -50.256 -303.163 4399.761
993 -50.459 -363.289 4405.570
994 -232.340 -333.007 4400.097
995 209.363 206.326 4399.487
996 -128.260 -422.870 4401.816
997 -63.381 -309.896 4399.992
998 -50.500 -288.419 4399.716
999 -387.673 -393.111 4392.271
1000 -76.454 -288.256 4398.113
1001 -256.486 -242.280 4400.719
1002 -63.384 -295.880 4399.007
1003 -231.890 -243.031 4402.119
1004 -230.960 -213.839 4403.300
1005 -89.421 -371.035 4403.572
1006 1.214 -348.207 4406.145
1007 -142.609 -414.101 4400.430
1008 -141.279 -370.792 4401.165
1009 -141.366 -385.694 4400.310
1010 -141.305 -310.796 4399.655
1011 -141.351 -430.564 4400.269
1012 -140.474 -323.651 4400.997
1013 40.732 -371.079 4411.172
1014 -218.837 -189.543 4397.434
1015 -219.262 439.105 4401.200
1016 -128.346 -407.984 4400.869
1017 -102.370 -393.123 4401.637
1018 -115.388 -385.705 4401.509
1019 102.832 -277.393 4411.535
1020 -117.007 -400.719 4401.322
1021 53.499 -258.423 4404.830
1023 -296.983 -250.676 4398.828
1024 53.485 -288.108 4408.963
1025 27.582 -288.092 4406.229
1026 -167.230 -190.668 4395.887
1027 -141.425 -490.799 4399.318
1028 27.411 -332.319 4407.904
1029 40.533 -310.298 4408.062
1030 -178.678 -183.240 4395.877
1031 40.585 -295.699 4407.922
1032 66.452 -250.855 4405.294
1033 92.443 -189.761 4401.253
1034 -206.186 -303.199 4401.476
1035 -141.373 -460.589 4399.637
1036 480.228 62.820 4402.618
1037 -128.189 -468.506 4399.880
1038 13.703 -355.131 4408.298
1039 -115.316 -445.512 4403.342
1040 -303.822 -317.230 4393.758
1041 39.921 -355.974 4410.593
1042 -304.091 -228.770 4397.993
1043 184.328 -63.103 4398.566
1044 -465.034 -227.130 4392.572
1045 2.099 -393.847 4408.170
1046 288.198 -153.513 4405.233
1047 301.433 -160.588 4406.534
1048 327.563 -146.446 4406.134
1049 -452.537 -251.321 4392.878
1050 -465.999 -213.126 4392.400
1051 314.448 -153.747 4406.543
1052 314.278 -123.440 4403.941
1053 299.378 -147.060 4406.078
1054 405.343 -85.724 4403.530
1055 340.228 -138.387 4405.927
1056 158.248 -153.475 4402.224
1057 425.008 -103.887 4404.326
1058 483.273 -10.944 4402.247
1059 186.208 25.011 4398.733
1060 -349.019 -311.631 4392.757
1061 -297.054 -295.610 4396.918
1062 -193.610 -385.571 4400.057
1063 482.068 -235.561 4408.047
1064 -323.171 -295.497 4396.873
1065 -323.170 -309.633 4392.880
1066 -258.063 -317.316 4398.108
1067 -141.211 -205.654 4396.492
1068 -284.327 -332.165 4394.141
1069 -335.300 -302.890 4394.869
1070 -195.850 -371.296 4401.050
1071 -206.383 -378.157 4399.832
1072 -232.029 -363.188 4398.936
1073 -323.093 -235.513 4396.671
1074 -219.643 -356.508 4399.998
1075 -37.785 -372.622 4404.978
1077 40.536 -279.737 4406.705
1078 -50.489 -332.048 4404.512
1079 -45.948 -379.229 4404.675
1080 53.479 -273.132 4406.892
1081 53.501 -303.203 4408.899
1082 -127.330 -213.272 4396.123
1083 53.526 -318.089 4409.674
1084 79.511 -273.178 4410.184
1085 -115.443 -355.753 4401.740
1086 102.823 -318.569 4413.462
1087 79.354 -318.155 4411.278
1088 14.285 -386.396 4409.385
1089 79.795 -348.846 4413.047
1090 66.520 -264.546 4406.771
1091 92.663 -341.427 4412.913
1092 92.498 -265.668 4410.313
1093 185.658 -50.907 4398.327
1094 80.452 -363.241 4412.760
1095 53.561 -393.304 4412.020
1096 40.538 -400.724 4412.291
1097 92.511 -355.815 4413.410
1098 27.406 -363.174 4410.202
1099 27.647 -348.859 4409.288
1100 -10.939 -399.932 4406.276
1101 -180.375 -257.325 4397.468
1102 -141.312 -280.799 4397.855
1103 -206.115 -243.170 4399.252
1104 -193.367 -264.834 4399.233
1105 -179.995 -273.262 4398.753
1106 -193.291 -250.557 4398.915
1107 -167.315 -264.844 4397.590
1108 103.325 -288.599 4413.274
1109 -127.829 -273.268 4397.255
1110 -140.713 -296.523 4398.760
1111 -128.369 -318.197 4399.630
1112 -154.348 -288.288 4399.131
1113 -232.251 -392.273 4398.328
1114 -296.672 -341.162 4393.731
1115 -401.072 -174.684 4393.056
1116 -271.231 -355.191 4396.039
1117 -258.204 -393.069 4397.532
1118 -180.406 -453.032 4398.486
1119 210.343 -214.279 4407.956
1120 118.583 199.462 4401.078
1121 193.133 -214.788 4408.350
1122 196.193 109.839 4397.671
1123 494.653 14.730 4403.159
1124 -262.969 -370.245 4397.098
1125 -336.142 -288.016 4396.945
1126 516.398 27.951 4402.586
1127 236.198 -183.549 4406.159
1128 509.083 22.063 4403.470
1129 509.943 37.118 4403.339
1130 349.838 243.747 4402.379
1131 66.514 -370.775 4412.351
1132 118.793 183.368 4400.796
1133 508.203 259.382 4403.632
1134 -245.230 -385.543 4398.097
1135 131.738 191.901 4401.088
1136 -76.430 -393.222 4403.432
1137 -453.245 -221.680 4392.772
1138 -127.377 -363.317 4401.201
1139 -128.031 -348.570 4402.435
1140 -452.830 -234.407 4392.819
1141 -102.489 -408.201 4402.283
1142 -438.914 -243.149 4392.966
1143 -89.585 -414.193 4403.157
1144 -76.356 -408.066 4403.485
1145 -102.431 -423.045 4403.296
1146 -76.437 -348.217 4403.894
1147 -89.427 -354.807 4403.026
1148 -102.364 -363.160 4401.679
1149 -89.419 -400.619 4402.805
1150 -62.801 -385.781 4404.015
1151 -167.207 -475.689 4399.102
1152 -154.183 -513.079 4399.267
1153 -180.235 -498.191 4398.662
1154 40.424 -340.711 4410.461
1155 -167.252 -490.660 4398.599
1156 -427.073 -326.221 4392.640
1157 353.018 4.277 4401.084
1158 -153.936 -498.178 4398.927
1159 -167.312 -295.558 4399.350
1160 -167.432 -536.213 4398.535
1161 -154.242 -483.144 4399.145
1162 -154.232 -468.177 4398.860
1163 -180.210 -483.174 4398.876
1164 -427.034 -339.644 4391.783
1165 -37.252 -400.630 4405.333
1166 -413.772 -318.031 4393.022
1167 -180.817 -213.162 4396.003
1168 -179.184 -303.190 4400.164
1169 -465.893 -168.094 4392.711
1170 -167.356 -309.808 4400.256
1171 -464.414 -198.087 4392.605
1172 -193.443 -324.488 4404.971
1173 -490.208 -213.069 4392.408
1174 -180.328 -318.111 4403.533
1175 -479.226 -206.631 4392.939
1176 -478.959 -219.713 4392.312
1177 -479.107 -236.048 4392.462
1178 -101.656 -334.199 4402.663
1179 -102.426 -318.305 4400.351
1180 -115.433 -325.689 4402.546
1181 -91.410 -326.173 4401.515
1182 79.317 -288.288 4410.215
1183 27.120 -393.598 4411.801
1184 14.772 -414.557 4410.488
1185 -114.826 -341.816 4403.493
1186 -102.365 -348.165 4402.247
1187 14.528 -400.668 4411.133
1188 14.486 -370.948 4409.475
1189 -89.418 -339.803 4403.107
1190 -193.279 -220.719 4398.195
1191 -102.035 -228.327 4396.462
1192 -141.309 -445.503 4399.860
1193 -115.763 -416.978 4401.559
1194 -76.410 -243.298 4397.224
1195 -154.403 -408.127 4400.293
1196 -154.379 -438.165 4399.068
1197 -74.652 -422.994 4403.681
1198 -63.117 -250.372 4397.927
1199 -61.428 -427.299 4404.741
1200 -76.344 -273.312 4398.305
1201 -63.450 -279.909 4398.283
1202 -76.046 -259.095 4398.062
1203 -63.390 -265.786 4398.570
1204 64.517 -341.813 4411.952
1205 53.386 -333.384 4410.658
1206 92.403 -296.042 4412.421
1207 -89.452 -430.750 4404.060
1208 -154.276 -273.150 4397.907
1209 90.857 -310.625 4412.641
1210 91.559 -327.577 4413.034
1211 -140.807 -476.402 4399.247
1212 66.373 -325.700 4410.463
1213 196.568 198.894 4399.568
1214 -115.281 -461.450 4401.615
1215 -102.412 -438.022 4404.136
1216 103.926 -303.126 4413.169
1217 40.561 -385.766 4411.787
1218 -90.878 -459.759 4404.466
1219 -63.530 -355.673 4405.056
1220 26.332 -408.730 4412.568
1221 -102.304 -378.188 4402.440
1222 -128.373 -393.210 4400.877
1223 -76.405 -363.156 4404.343
1224 -63.397 -370.670 4405.414
1225 -128.370 -378.171 4400.709
1226 -89.499 -383.024 4403.086
1227 39.730 -327.261 4409.065
1228 14.169 -341.639 4407.144
1229 -478.934 -189.793 4392.834
1230 -452.928 -174.916 4393.461
1231 14.401 -295.014 4405.388
1232 -489.879 -183.218 4392.277
1233 -232.547 -301.643 4402.543
1234 -271.192 -340.562 4396.039
1235 -491.918 -198.071 4392.558
1236 -491.935 -228.097 4392.235
1237 -206.093 -318.176 4403.857
1238 -465.861 -183.088 4393.043
1239 -504.952 -220.655 4392.638
1240 -483.283 -176.846 4392.595
1241 -349.157 -235.583 4394.515
1242 -349.742 -249.672 4394.464
1243 -387.804 -168.269 4392.412
1244 -336.180 -273.042 4396.965
1245 -426.985 -190.521 4392.934
1246 -404.909 -159.468 4392.787
1247 -544.007 -227.928 4392.117
1248 -504.964 -174.791 4392.516
1249 -504.911 -205.551 4392.389
1250 -491.914 -168.199 4392.654
1251 -283.996 -257.313 4398.588
1252 -506.672 -190.559 4392.579
1253 -516.112 -198.017 4392.708
1254 -232.118 -288.142 4402.626
1255 -297.046 -265.621 4398.102
1256 -304.131 -272.216 4397.542
1257 -167.187 -460.677 4398.626
1258 -271.002 -295.610 4397.506
1259 -284.033 -303.152 4397.289
1260 -247.090 -311.720 4398.864
1261 119.173 -100.785 4398.943
1262 -270.996 -309.792 4397.311
1263 -180.335 -468.115 4398.609
1264 -245.053 -295.609 4399.172
1265 -245.278 -325.596 4398.961
1266 -193.136 -475.977 4398.657
1267 -271.263 -325.603 4396.838
1268 -258.037 -302.315 4398.012
1269 -428.836 -205.425 4392.523
1270 -323.090 -280.551 4397.166
1271 -413.928 -183.151 4392.779
1272 -303.665 -288.058 4397.190
1273 -438.369 -213.085 4392.872
1274 -432.087 -177.110 4392.750
1275 -297.062 -279.734 4397.732
1276 -438.238 -183.193 4392.681
1277 -270.974 -249.812 4399.385
1278 -453.734 -193.378 4392.548
1279 -439.953 -198.116 4392.397
1280 -304.235 -257.304 4397.778
1281 -245.011 -220.711 4403.931
1282 -270.981 -265.662 4398.235
1283 -271.209 -369.792 4394.260
1284 -258.026 -258.160 4399.031
1285 -257.985 -272.309 4398.381
1286 -232.062 -227.279 4402.666
1287 -284.222 -212.254 4401.372
1288 -284.205 -197.248 4401.972
1289 -245.604 -265.748 4399.123
1290 -323.095 -265.565 4397.440
1291 -303.991 -302.259 4395.912
1292 -284.127 -183.100 4400.159
1293 -193.359 -279.798 4399.858
1294 -167.351 -280.636 4398.596
1295 -180.298 -287.267 4399.199
1296 -206.331 -348.104 4403.388
1297 -193.217 -309.690 4401.775
1298 -465.735 -242.718 4392.564
1299 -230.316 -257.151 4402.068
1300 -206.385 -363.058 4400.986
1302 -219.929 -308.714 4402.642
1303 -218.636 -293.917 4402.300
1304 -206.190 -272.218 4399.861
1305 444.168 -18.410 4401.805
1306 171.198 -205.071 4407.247
1307 -205.974 -288.234 4400.514
1308 262.868 -153.486 4404.912
1309 457.116 -26.226 4402.500
1310 456.757 4.072 4401.836
1311 -193.442 438.954 4400.430
1312 470.228 -18.467 4402.132
1314 168.358 -157.802 4402.902
1315 171.108 -175.053 4404.154
1316 508.108 244.323 4402.627
1317 -247.296 -281.770 4398.603
1318 92.765 -235.479 4405.984
1319 457.358 -9.863 4401.927
1320 -12.614 -370.641 4405.761
1321 79.739 -228.068 4404.139
1322 444.198 -3.482 4401.819
1323 66.733 -205.651 4402.009
1324 -258.212 -333.151 4397.694
1325 -219.323 -370.575 4399.281
1326 366.023 26.920 4401.609
1327 210.358 -48.596 4396.999
1328 -232.686 -376.826 4398.285
1329 -245.521 -341.188 4398.388
1330 -232.318 -348.105 4399.203
1331 -284.750 -104.594 4396.016
1332 -258.174 -348.040 4397.207
1333 -155.233 -425.830 4399.083
1334 -283.870 -242.305 4399.286
1335 -154.303 -393.097 4400.368
1336 -167.239 -400.609 4399.628
1337 -167.306 -370.680 4400.560
1338 -336.127 -242.240 4396.290
1339 -304.526 -243.056 4397.760
1340 -284.134 -228.113 4399.365
1341 -297.105 -235.617 4398.441
1342 -180.371 -378.103 4399.812
1343 -336.080 -258.089 4396.900
1344 -323.127 -250.569 4397.306
1345 -401.325 -401.222 4392.171
1346 -180.757 -408.370 4399.245
1347 -180.341 -393.103 4399.354
1348 -412.721 -378.128 4392.487
1350 -245.333 -355.576 4398.015
1351 -464.720 -288.109 4392.622
1352 -453.035 -311.278 4392.729
1353 -363.928 -301.713 4392.834
1354 -349.135 -279.799 4396.438
1355 -349.197 -295.556 4393.891
1356 -438.761 -273.108 4393.053
1357 -167.227 -505.779 4398.868
1358 -401.131 -280.929 4393.237
1359 -297.263 -324.739 4393.426
1360 -257.991 -288.170 4398.251
1361 -219.406 -340.628 4401.410
1362 -258.133 -228.163 4401.485
1363 -193.185 -505.661 4398.642
1364 -284.038 -288.164 4397.385
1365 -167.149 -519.808 4398.544
1366 -284.083 -273.154 4397.879
1367 -298.756 -222.868 4398.525
1368 -297.061 -205.486 4398.589
1369 -284.239 -318.072 4396.343
1370 -297.217 -310.572 4396.178
1371 -271.043 -280.630 4397.756
1372 -193.210 -490.618 4398.876
1373 -271.197 -235.626 4400.011
1374 -302.588 -198.873 4398.784
1375 22.087 -145.080 4397.427
1376 92.627 -160.654 4399.631
1377 322.443 -26.303 4400.767
1378 327.293 -40.917 4401.334
1379 326.943 -10.740 4400.807
1380 79.715 -183.058 4400.344
1381 314.203 -48.495 4401.486
1382 78.841 -168.337 4399.433
1383 314.023 -3.152 4400.324
1384 314.053 -18.155 4400.312
1385 314.298 -33.456 4400.889
1386 66.655 -175.532 4399.908
1387 -48.069 -186.216 4396.532
1388 -271.367 -190.625 4402.997
1389 -272.836 -207.972 4403.639
1390 -230.448 -183.022 4399.460
1391 -22.268 -171.219 4397.004
1392 -244.903 -190.593 4402.636
1393 -180.604 -333.176 4406.645
1394 328.433 33.044 4401.742
1395 79.500 -198.232 4401.718
1396 79.638 -212.994 4402.953
1397 -293.066 -188.761 4400.176
1398 -193.168 -340.555 4406.958
1399 -10.421 -219.754 4398.342
1400 1.805 -213.048 4398.868
1401 53.708 -152.262 4396.014
1402 14.577 -221.138 4398.947
1403 28.511 -168.549 4396.717
1404 1.789 -228.142 4398.681
1405 -219.997 -160.605 4394.884
1406 -40.541 -408.751 4404.449
1407 1.749 -378.163 4407.823
1408 -37.408 -385.575 4404.701
1409 313.321 192.162 4398.164
1410 -24.062 -393.089 4405.663
1411 197.223 -100.925 4400.499
1412 -10.841 -386.799 4405.797
1413 -139.235 -85.442 4394.730
1414 275.263 -85.855 4400.932
1415 404.958 49.370 4402.200
1416 191.855 -81.220 4400.159
1417 392.243 86.764 4402.975
1418 184.178 -108.481 4400.380
1419 -130.289 -89.790 4394.956
1420 249.308 -70.922 4400.588
1421 236.173 -63.299 4400.017
1422 236.073 -48.163 4400.336
1423 145.023 -85.684 4398.582
1424 288.328 -63.411 4401.330
1425 247.041 350.406 4402.193
1426 301.118 -25.766 4400.644
1427 171.048 -100.711 4399.977
1428 159.243 -108.141 4400.470
1429 171.223 -115.861 4401.020
1430 163.670 -96.602 4399.878
1431 141.478 -107.274 4399.291
1432 145.068 -116.190 4399.706
1433 158.148 -123.767 4400.597
1434 288.053 -33.176 4400.231
1435 -102.241 -197.995 4396.414
1436 288.078 -18.235 4399.977
1437 -388.017 -153.150 4392.412
1438 -361.877 -153.293 4392.454
1439 -350.952 -166.185 4392.158
1440 -375.295 -160.031 4392.447
1441 -89.371 -220.787 4394.818
1442 -336.080 -153.071 4392.574
1443 262.238 -78.405 4400.883
1444 132.093 -138.428 4399.728
1445 -257.730 -93.258 4393.253
1446 379.373 4.028 4401.566
1447 366.053 11.903 4400.654
1448 366.183 -18.419 4401.494
1449 275.253 -70.966 4401.407
1450 379.283 79.146 4402.731
1451 274.838 -41.842 4400.608
1452 404.980 110.025 4406.193
1453 417.493 55.668 4402.738
1454 430.958 7.474 4401.363
1455 311.230 208.593 4399.485
1456 366.288 71.653 4402.021
1457 431.278 49.139 4402.222
1458 184.383 -123.469 4400.832
1459 -23.109 -245.051 4398.688
1460 431.208 19.062 4401.618
1461 379.143 -10.941 4401.308
1462 275.148 -54.766 4400.413
1463 262.128 -33.125 4400.379
1464 378.978 19.357 4401.428
1465 262.763 -60.855 4400.373
1466 262.013 -48.155 4400.764
1467 132.168 -153.510 4400.308
1468 115.883 -131.882 4399.573
1469 118.948 -144.117 4399.753
1470 131.758 -124.286 4399.706
1471 144.571 214.412 4401.324
1472 142.123 -129.736 4400.592
1473 27.450 461.761 4397.958
1474 444.288 11.566 4401.520
1475 -124.678 -114.997 4394.713
1476 470.198 26.551 4402.108
1477 418.268 -3.442 4401.272
1478 -49.768 -214.765 4396.192
1479 -206.004 -138.135 4394.946
1481 197.148 -85.770 4399.999
1482 102.965 -174.449 4400.904
1483 102.545 -216.438 4405.069
1484 496.218 41.618 4403.232
1485 184.033 -93.098 4400.042
1486 14.769 -205.525 4399.188
1487 -126.954 -497.054 4400.533
1488 -324.859 -445.607 4392.434
1489 -117.307 -179.196 4395.564
1490 -324.564 -430.387 4392.025
1491 -168.753 -550.787 4398.378
1492 -310.329 -437.606 4394.353
1493 40.809 -190.617 4399.395
1494 92.677 -204.733 4403.547
1495 -309.770 -422.999 4392.546
1496 27.742 -213.077 4399.190
1497 -245.014 -175.592 4399.550
1498 -244.846 -115.633 4395.002
1499 -271.484 -97.768 4395.797
1500 -257.429 -107.981 4394.342
1501 -11.848 -193.049 4397.255
1502 -257.976 -198.018 4404.560
1503 -24.268 -202.024 4397.086
1504 196.718 181.651 4399.693
1505 -257.943 -212.972 4404.101
1506 -9.448 -458.361 4410.129
1507 -256.355 -137.926 4394.636
1508 -11.345 -235.657 4398.698
1509 -231.204 -123.203 4395.361
1510 -24.246 -228.049 4397.158
1511 -222.649 -146.009 4394.207
1512 -271.090 -175.495 4399.904
1513 249.108 -55.620 4400.183
1514 -37.171 -445.623 4407.896
1515 236.298 -78.518 4400.381
1516 92.732 -220.560 4404.649
1517 288.213 -48.451 4400.508
1518 -285.569 -89.577 4396.403
1519 301.268 -56.111 4401.499
1520 247.458 -86.217 4400.721
1521 236.393 -93.449 4400.637
1522 -76.703 -229.770 4396.461
1523 482.583 46.169 4402.834
1524 481.653 36.766 4403.153
1525 158.183 -138.449 4400.686
1526 197.143 -115.980 4400.640
1527 300.873 -39.023 4400.729
1528 -17.907 -428.947 4407.899
1529 209.361 311.920 4400.524
1530 -401.119 -310.608 4393.070
1531 400.793 92.103 4403.413
1532 -36.869 -208.097 4396.743
1533 392.063 100.911 4403.391
1534 431.208 34.060 4401.724
1535 418.208 11.531 4401.393
1536 418.033 41.800 4401.298
1537 53.818 -198.089 4399.478
1538 -202.532 -47.872 4394.203
1539 -36.903 -237.869 4397.501
1540 -116.926 -206.378 4395.086
1541 53.745 -183.142 4399.085
1542 -128.094 -198.165 4395.037
1543 145.218 -160.997 4402.053
1544 41.436 -205.950 4399.407
1545 66.285 -220.705 4403.154
1546 61.064 -235.503 4403.374
1547 27.821 -197.994 4399.048
1548 418.248 -78.497 4403.007
1549 314.023 -109.478 4403.044
1550 66.792 -190.571 4400.408
1551 419.183 85.234 4404.568
1552 -231.757 -138.603 4394.590
1553 197.148 -56.381 4398.318
1554 79.659 -243.124 4405.591
1555 326.949 -115.081 4403.721
1556 -65.090 -401.153 4403.610
1557 549.598 28.298 4403.466
1558 -100.682 -214.007 4395.262
1559 496.188 87.067 4402.269
1560 402.437 227.826 4400.072
1561 -63.246 -415.776 4404.422
1562 533.851 45.848 4402.048
1563 532.453 35.727 4402.521
1564 557.953 34.045 4402.861
1565 300.983 -68.913 4400.948
1566 535.267 62.804 4401.500
1567 544.853 42.072 4403.720
1568 519.588 12.821 4404.688
1569 519.418 -1.830 4405.371
1570 538.283 18.565 4402.875
1571 559.738 4.684 4404.533
1572 547.223 11.903 4403.104
1573 533.158 6.135 4403.042
1574 391.978 -63.284 4402.381
1575 392.183 -33.358 4401.485
1576 402.613 -56.904 4402.486
1577 431.298 -85.091 4403.106
1578 145.168 -146.000 4400.627
1579 431.313 -71.144 4402.910
1580 184.323 -228.896 4409.336
1581 391.872 -48.347 4401.536
1582 547.368 -1.272 4403.722
1583 171.063 -144.904 4401.513
1584 196.803 -145.915 4402.515
1585 262.263 -123.426 4402.329
1586 131.703 237.089 4401.219
1587 379.288 108.316 4402.606
1588 131.553 206.929 4401.093
1589 364.853 115.923 4401.819
1590 275.158 -130.995 4403.160
1591 157.733 191.977 4401.048
1592 297.101 153.301 4399.856
1593 524.934 72.848 4402.124
1594 131.678 221.914 4401.012
1595 497.173 102.883 4401.392
1596 517.581 54.347 4401.816
1597 157.538 206.912 4401.238
1598 573.413 146.880 4406.049
1599 144.643 199.509 4401.065
1600 192.718 -190.493 4405.937
1601 444.433 -48.546 4402.208
1602 184.178 -168.502 4404.220
1603 431.178 -101.007 4403.935
1604 197.168 -175.965 4404.932
1605 430.564 -57.813 4402.434
1606 184.238 -138.365 4401.683
1607 448.298 -63.313 4402.596
1608 184.073 -153.561 4402.827
1609 184.193 -183.519 4405.157
1610 404.518 -67.972 4402.386
1611 223.343 -205.404 4407.590
1612 444.183 -93.102 4403.179
1613 456.323 334.288 4404.377
1614 288.153 -108.552 4402.243
1615 313.498 87.302 4401.149
1616 484.683 7.946 4402.685
1617 274.238 288.147 4401.082
1618 443.153 341.791 4403.939
1619 404.448 -115.983 4405.800
1620 208.983 -168.899 4404.507
1621 353.273 -131.006 4405.773
1622 376.783 -116.319 4405.724
1623 421.111 162.650 4403.345
1624 197.393 -129.504 4401.446
1625 327.223 -131.005 4405.932
1626 366.203 -108.490 4404.774
1627 378.103 348.245 4401.493
1628 339.843 265.716 4400.899
1629 340.213 250.925 4401.815
1630 210.193 -183.597 4405.386
1631 249.438 -191.356 4406.779
1632 223.158 -190.932 4406.407
1633 262.658 -184.043 4406.448
1634 196.448 228.903 4399.643
1635 145.098 -190.003 4404.338
1636 508.323 49.430 4403.175
1637 326.158 243.456 4402.959
1638 573.373 116.787 4404.412
1639 132.143 -213.461 4406.253
1640 156.452 -183.631 4404.309
1641 132.253 -168.434 4401.845
1642 132.058 -198.520 4404.482
1643 141.702 -176.994 4403.690
1644 275.253 -160.985 4405.560
1645 275.228 -175.373 4406.340
1646 132.063 -183.435 4403.674
1647 275.178 -145.088 4404.081
1648 288.313 -168.680 4406.280
1649 262.318 -168.540 4405.889
1650 480.465 184.429 4401.325
1651 250.438 -161.066 4404.827
1652 239.113 -21.888 4399.408
1653 105.678 222.107 4400.941
1654 496.313 146.744 4401.628
1655 236.293 -33.429 4400.183
1656 547.753 221.535 4403.052
1657 118.653 229.493 4401.084
1658 508.378 124.433 4403.068
1659 532.598 185.412 4401.024
1660 484.393 154.170 4402.688
1661 495.393 161.264 4401.481
1662 573.338 176.883 4407.302
1663 547.188 176.861 4404.399
1664 246.318 -117.098 4401.906
1665 222.108 -133.895 4403.064
1666 551.698 147.262 4404.332
1667 261.237 357.814 4403.182
1668 170.573 79.513 4399.637
1669 209.604 -138.594 4402.908
1670 313.303 147.270 4399.947
1671 144.598 94.754 4400.492
1672 208.697 -18.245 4398.170
1673 300.348 124.872 4401.136
1674 497.128 130.342 4402.727
1675 287.958 177.193 4399.480
1676 157.488 102.387 4400.530
1677 274.438 154.708 4399.883
1678 378.819 -41.326 4401.478
1679 171.238 -131.934 4400.553
1680 558.693 15.727 4404.735
1681 353.528 -59.217 4402.207
1682 130.055 249.576 4401.555
1683 430.860 -41.126 4402.263
1684 392.118 -109.003 4405.459
1685 322.048 260.573 4401.342
1686 340.268 -123.451 4404.828
1687 366.258 -123.525 4405.354
1688 508.158 -26.887 4403.081
1689 287.418 42.293 4400.217
1690 274.538 49.762 4400.248
1691 392.108 -123.672 4405.802
1692 494.698 266.278 4403.961
1693 223.118 -161.069 4404.585
1694 210.128 -153.420 4403.480
1695 325.908 108.429 4401.292
1696 237.548 -199.416 4407.314
1697 469.218 296.727 4404.325
1698 404.323 334.286 4403.162
1699 430.273 319.303 4403.953
1700 417.258 326.830 4403.641
1701 314.238 -93.413 4401.562
1702 456.233 319.264 4404.228
1703 236.253 -153.723 4404.163
1704 131.628 131.998 4400.633
1705 158.463 -243.865 4409.877
1706 324.718 -84.531 4401.701
1707 394.428 -93.806 4404.558
1708 160.733 -225.125 4409.041
1709 171.153 -221.110 4408.975
1710 197.173 -160.046 4403.124
1711 301.223 -85.915 4401.089
1712 301.103 -100.858 4401.696
1713 327.333 -99.770 4402.284
1715 314.163 -78.484 4401.184
1716 92.753 214.492 4400.758
1717 508.393 94.338 4401.997
1718 561.223 109.291 4404.453
1719 553.583 121.603 4404.254
1720 559.971 124.307 4404.511
1721 599.213 161.920 4408.373
1722 573.363 87.832 4402.937
1723 599.323 131.875 4408.355
1724 599.353 71.912 4404.938
1725 575.743 26.778 4402.635
1726 572.781 56.804 4401.988
1727 624.618 56.637 4406.806
1728 558.048 64.265 4401.707
1729 599.273 41.919 4404.212
1730 171.288 -236.517 4409.836
1731 118.963 -115.463 4397.669
1732 184.163 -213.461 4408.275
1733 379.368 -54.565 4401.939
1734 443.737 -33.372 4401.944
1735 366.158 -63.474 4402.216
1736 344.388 237.097 4402.682
1737 171.158 -190.893 4405.350
1738 379.168 -25.840 4401.208
1739 365.935 -33.804 4401.164
1740 405.208 -40.916 4401.173
1741 418.208 -48.437 4402.056
1743 313.418 132.242 4401.264
1744 313.433 117.170 4401.305
1745 209.403 326.804 4400.136
1746 300.258 80.785 4400.595
1747 313.443 72.364 4401.274
1748 313.353 102.296 4401.396
1749 144.693 154.455 4400.676
1750 275.213 -190.996 4407.239
1751 300.393 64.824 4400.846
1752 274.378 64.602 4400.592
1753 469.148 326.887 4404.417
1754 469.049 281.902 4403.457
1755 326.983 -160.902 4406.552
1756 470.498 11.589 4402.043
1757 521.208 -18.797 4403.962
1758 351.893 93.492 4401.692
1759 430.398 364.279 4403.718
1760 391.323 341.779 4403.203
1761 380.313 63.611 4402.435
1762 274.383 125.775 4399.548
1763 261.413 87.205 4399.248
1764 402.383 303.129 4401.313
1765 469.283 356.801 4405.349
1766 275.123 -100.895 4401.233
1767 340.328 -48.971 4401.627
1768 223.263 -221.372 4408.889
1769 418.273 -93.459 4403.833
1770 447.788 117.845 4403.589
1771 341.728 -153.478 4406.233
1772 340.163 -93.445 4402.530
1773 418.168 -63.497 4402.270
1774 340.268 -33.462 4400.971
1775 351.948 -101.210 4403.995
1776 353.233 -115.963 4405.438
1777 443.659 99.553 4403.655
1778 367.808 -140.074 4405.998
1779 379.213 -101.065 4405.016
1780 351.678 -86.003 4402.813
1781 492.691 72.982 4402.807
1782 288.138 -138.126 4403.896
1783 533.868 -24.394 4403.650
1784 301.273 -130.934 4404.033
1785 471.173 115.647 4402.834
1786 119.352 139.332 4400.418
1787 472.343 127.335 4403.234
1788 236.193 -213.504 4408.721
1789 378.803 -86.051 4404.092
1790 170.475 124.267 4400.481
1791 392.378 -78.515 4402.991
1792 301.403 -117.258 4403.523
1793 292.493 -93.060 4401.473
1794 326.173 168.050 4399.698
1795 429.437 168.411 4401.800
1796 364.633 130.901 4402.090
1797 377.868 123.363 4402.539
1798 364.753 100.886 4402.335
1799 341.348 39.849 4401.377
1800 406.013 78.262 4403.628
1801 338.833 130.913 4401.183
1803 440.803 160.963 4402.681
1804 339.903 145.691 4401.087
1805 274.439 34.431 4397.856
1806 377.978 138.491 4403.008
1807 430.619 108.207 4403.761
1808 365.003 -92.579 4403.261
1809 339.443 71.562 4401.278
1810 429.559 153.483 4402.742
1811 339.783 -109.177 4404.048
1812 170.588 110.659 4400.630
1813 457.388 139.164 4403.815
1814 353.123 -69.296 4401.749
1815 418.442 102.787 4406.971
1816 365.881 -78.429 4403.236
1817 379.158 -131.108 4405.538
1818 314.032 -138.368 4405.124
1819 340.183 -63.437 4401.627
1821 430.998 125.020 4404.181
1822 170.357 -385.370 4411.764
1823 325.913 78.426 4401.262
1824 118.723 154.385 4400.567
1825 339.228 85.918 4401.594
1826 507.563 -40.283 4403.012
1827 274.904 -114.372 4402.220
1828 131.450 146.791 4400.242
1829 325.863 94.681 4401.212
1830 262.108 -108.356 4401.474
1831 288.158 -123.417 4402.840
1832 326.543 154.442 4400.038
1833 171.033 -70.722 4398.467
1834 183.673 207.218 4399.867
1835 522.188 -46.749 4403.386
1836 338.498 161.877 4399.797
1837 158.273 -67.231 4398.759
1838 196.373 333.616 4400.652
1839 196.450 319.517 4400.187
1840 455.273 183.439 4401.961
1841 432.418 92.242 4403.788
1842 326.448 317.943 4401.357
1843 325.923 138.398 4401.373
1844 157.513 238.175 4401.310
1845 315.873 24.395 4400.779
1846 350.471 169.323 4399.636
1847 366.754 160.862 4399.712
1848 339.938 115.872 4401.442
1849 338.793 99.764 4401.572
1850 351.823 108.370 4401.541
1851 427.561 214.858 4400.336
1852 545.283 189.161 4403.019
1853 521.055 267.020 4404.517
1854 497.848 236.955 4401.594
1855 546.873 281.704 4406.086
1856 494.993 221.790 4400.761
1857 482.543 246.546 4401.035
1858 248.198 288.861 4401.192
1859 248.418 243.932 4399.809
1860 196.443 153.437 4399.645
1861 235.278 297.138 4401.520
1862 170.323 199.622 4400.878
1863 183.438 147.152 4400.778
1864 235.803 266.249 4401.032
1865 235.313 281.284 4401.386
1866 222.453 304.472 4401.627
1867 351.863 138.419 4401.415
1868 339.618 312.755 4401.198
1869 342.208 296.480 4401.070
1870 351.873 153.380 4400.694
1871 368.249 282.624 4401.678
1872 339.593 281.816 4400.588
1873 351.908 123.505 4401.364
1874 506.058 213.805 4400.989
1875 469.133 -228.025 4407.740
1876 327.093 305.902 4401.310
1877 443.438 191.994 4400.906
1878 521.143 206.864 4401.147
1879 350.223 319.299 4401.273
1880 547.953 160.453 4404.108
1881 524.178 222.546 4402.804
1882 508.093 200.666 4401.407
1883 265.093 42.400 4397.719
1884 496.368 26.531 4403.276
1885 534.408 198.600 4402.245
1886 443.788 174.587 4402.608
1887 352.325 274.311 4402.627
1888 420.448 220.526 4400.497
1889 424.296 194.148 4400.978
1890 353.188 -40.778 4401.153
1891 495.363 191.953 4400.865
1892 481.683 168.014 4402.704
1893 145.258 -206.020 4405.791
1894 119.148 -251.157 4409.137
1895 430.413 259.287 4403.966
1896 119.188 -191.306 4403.987
1897 546.873 -33.018 4403.783
1898 145.278 -265.991 4411.475
1899 118.813 169.520 4400.792
1900 353.228 -26.094 4401.239
1901 378.862 -69.981 4402.553
1902 494.880 281.755 4404.350
1903 545.558 311.721 4405.110
1904 521.248 326.685 4405.697
1905 378.543 274.332 4404.174
1906 417.458 296.877 4403.057
1907 483.313 19.108 4402.909
1908 404.498 274.375 4403.836
1909 521.238 296.777 4404.977
1910 170.538 64.627 4399.267
1911 109.073 159.907 4400.352
1912 287.353 72.367 4400.425
1913 167.573 95.703 4399.976
1914 469.233 311.769 4404.144
1915 300.373 169.691 4399.609
1916 300.088 140.571 4400.151
1917 287.798 147.112 4400.096
1918 287.653 57.409 4400.535
1919 248.868 -129.906 4402.869
1920 191.778 -47.579 4398.717
1921 403.622 153.290 4401.614
1922 494.888 251.521 4403.660
1923 482.303 259.310 4403.133
1924 262.278 -138.387 4403.482
1926 236.278 -123.400 4402.096
1927 223.763 -141.435 4403.242
1928 236.293 -138.478 4403.055
1929 300.483 49.823 4400.738
1930 249.203 -100.219 4400.585
1931 469.373 176.670 4402.390
1932 249.188 -145.960 4403.562
1933 313.508 57.347 4401.111
1934 428.026 199.345 4400.949
1935 163.898 -63.568 4398.652
1936 274.438 79.674 4399.297
1939 470.308 146.693 4404.441
1940 404.378 -101.130 4404.922
1941 443.963 131.727 4403.649
1942 -218.365 454.213 4402.030
1943 457.003 125.817 4403.735
1944 307.569 20.182 4400.336
1945 287.240 26.925 4399.086
1946 298.524 34.127 4400.060
1947 445.033 207.034 4400.931
1948 472.673 192.855 4401.169
1949 367.678 54.276 4401.963
1950 157.478 87.216 4399.988
1951 456.258 304.286 4404.014
1952 157.683 147.010 4400.841
1953 418.638 311.846 4403.220
1954 430.223 334.236 4403.985
1955 442.718 251.979 4401.951
1956 482.453 274.438 4403.914
1957 469.138 266.702 4403.663
1958 417.213 343.014 4404.030
1959 443.193 326.766 4403.929
1960 456.673 289.082 4403.942
1961 442.773 315.701 4403.826
1962 157.354 251.781 4401.447
1963 183.458 252.089 4400.358
1964 196.403 259.841 4401.171
1965 184.103 267.137 4401.209
1966 429.481 185.489 4400.751
1967 235.301 131.716 4399.002
1968 209.343 236.339 4399.949
1969 222.273 349.413 4402.202
1970 391.548 282.745 4402.634
1971 404.488 289.409 4402.023
1973 455.232 211.298 4400.870
1974 469.453 252.683 4401.445
1975 402.843 244.473 4403.447
1976 261.438 117.147 4399.735
1977 289.399 9.542 4398.938
1978 364.142 176.017 4399.390
1979 262.693 102.128 4399.452
1980 426.633 249.355 4403.704
1981 430.503 289.349 4403.565
1982 404.443 259.485 4404.202
1983 391.388 251.883 4403.210
1985 375.533 153.235 4400.131
1986 95.998 185.002 4400.490
1987 390.893 115.844 4403.861
1988 131.638 176.974 4400.895
1989 235.302 326.992 4401.938
1990 390.446 130.777 4404.035
1991 274.538 109.571 4399.602
1992 470.402 221.995 4400.993
1993 324.785 185.236 4398.677
1994 196.568 19.652 4398.507
1995 471.113 -47.820 4402.609
1996 196.378 140.155 4398.052
1997 457.078 106.634 4403.627
1998 235.538 342.344 4402.059
1999 210.163 -198.441 4407.732
2000 378.463 245.330 4402.023
2001 111.228 -106.710 4398.857
2002 559.746 -55.986 4405.128
2003 366.278 -48.426 4401.226
2004 469.358 -76.606 4402.262
2005 158.093 -213.508 4407.681
2006 145.368 -250.537 4410.137
2007 184.143 -198.434 4406.402
2008 162.293 58.168 4398.818
2009 417.453 281.852 4403.290
2010 417.185 251.700 4404.880
2011 197.283 -205.946 4407.577
2012 185.387 -244.538 4410.463
2013 365.403 266.975 4403.371
2014 132.418 -92.990 4398.689
2015 153.883 -70.212 4398.899
2016 533.063 -53.796 4403.760
2017 271.298 246.245 4400.154
2018 105.703 191.924 4400.816
2019 261.248 281.456 4401.247
2020 417.608 206.883 4400.496
2021 443.368 281.931 4403.553
2022 391.563 266.960 4403.581
2023 347.284 196.565 4399.498
2024 362.003 236.963 4402.134
2025 378.503 259.408 4403.208
2026 453.763 258.822 4402.972
2027 118.693 214.427 4400.807
2028 412.842 128.583 4405.793
2029 92.708 199.502 4400.686
2030 144.708 169.436 4400.802
2031 480.998 132.792 4402.566
2032 158.173 -258.463 4411.307
2033 261.343 267.331 4400.603
2034 170.907 -250.934 4410.442
2035 183.968 117.174 4399.069
2036 234.493 313.695 4402.039
2037 132.544 -259.231 4410.349
2038 197.233 -236.047 4409.748
2039 132.093 -243.475 4409.376
2040 145.178 -220.956 4407.776
2041 353.018 -146.116 4405.981
2042 146.079 -235.944 4409.334
2043 119.232 -265.607 4411.422
2044 113.978 -93.907 4398.935
2045 248.348 273.962 4401.001
2046 105.683 176.914 4400.650
2047 469.613 -62.482 4402.577
2048 209.433 297.260 4401.676
2049 127.198 -84.964 4398.861
2050 261.258 251.522 4400.316
2051 248.503 258.866 4400.551
2052 367.233 252.219 4401.867
2053 417.458 266.898 4403.934
2054 430.523 274.345 4403.718
2055 444.013 266.645 4403.189
2056 457.248 65.225 4402.725
2057 444.116 89.563 4403.544
2058 157.478 177.039 4400.940
2059 157.658 161.922 4400.925
2061 365.086 222.794 4401.824
2062 105.768 207.745 4400.845
2063 144.553 184.329 4400.980
2064 264.108 -5.511 4398.515
2065 352.703 232.123 4402.600
2066 403.110 138.484 4404.316
2067 131.993 161.969 4399.911
2068 352.718 261.894 4401.468
2069 353.064 214.253 4402.600
2070 393.293 296.851 4402.076
2071 391.548 236.962 4403.292
2072 430.483 304.410 4403.399
2073 261.593 72.102 4400.014
2074 417.213 356.755 4403.939
2075 222.299 319.395 4401.117
2077 404.308 349.294 4403.583
2078 456.383 274.363 4403.661
2079 443.348 371.831 4404.266
2080 119.188 -235.983 4407.840
2081 468.985 236.866 4400.059
2082 196.369 -387.398 4411.582
2083 455.898 231.784 4400.639
2084 573.258 236.867 4404.814
2085 131.343 -273.583 4412.088
2086 118.159 -225.145 4406.907
2087 132.188 -228.561 4408.038
2088 520.898 236.627 4403.564
2089 470.853 206.720 4400.777
2090 455.128 168.025 4402.919
2091 547.368 251.826 4405.189
2092 495.383 -17.664 4402.849
2093 455.331 154.447 4403.506
2094 469.063 160.973 4403.884
2095 210.113 -228.435 4409.164
2096 495.183 312.782 4406.046
2097 443.613 296.911 4403.765
2098 481.643 304.286 4404.733
2099 223.333 -175.983 4405.483
2100 429.599 139.285 4404.159
2101 118.885 -281.492 4412.742
2102 444.373 145.914 4403.412
2103 183.463 132.250 4399.591
2104 507.978 -55.768 4402.620
2105 196.393 4.666 4398.642
2106 194.768 34.708 4399.030
2107 183.503 42.195 4398.457
2108 170.528 244.659 4401.137
2109 119.153 -205.911 4404.575
2110 497.708 -32.724 4402.780
2111 235.222 356.771 4401.921
2112 469.443 -32.632 4402.242
2113 144.414 259.958 4401.463
2114 572.593 -31.871 4405.247
2115 561.462 -25.509 4404.373
2116 183.443 102.255 4398.590
2117 -206.075 446.365 4401.047
2118 500.071 175.778 4401.315
2119 144.433 244.646 4401.114
2120 521.198 -62.621 4403.167
2121 482.388 -40.098 4402.601
2122 521.284 178.246 4400.801
2123 495.413 -47.697 4402.587
2124 298.768 289.879 4401.074
2125 480.035 96.033 4402.843
2126 144.503 107.493 4400.440
2127 574.583 204.574 4405.498
2128 287.232 161.824 4399.756
2129 594.118 196.243 4405.201
2130 248.401 154.095 4398.474
2131 299.863 301.995 4401.184
2132 237.093 147.264 4398.898
2133 263.048 162.202 4399.032
2134 274.478 258.633 4400.355
2135 247.961 363.259 4402.486
2136 248.330 334.412 4402.485
2137 248.585 169.788 4398.211
2138 193.763 64.733 4398.385
2139 243.141 175.290 4397.745
2140 324.789 197.605 4399.001
2141 262.580 176.889 4398.417
2142 507.900 171.190 4401.182
2143 353.917 48.505 4402.203
2144 271.924 168.969 4399.175
2145 185.063 237.188 4399.814
2146 158.008 116.964 4400.708
2147 289.428 296.312 4401.041
2148 144.358 229.604 4401.200
2149 519.468 -32.583 4403.356
2150 261.608 147.296 4399.407
2151 246.628 139.656 4399.273
2152 170.428 214.661 4401.235
2153 287.538 118.266 4400.574
2154 418.448 116.702 4406.735
2155 299.994 198.988 4398.975
2156 287.503 102.218 4400.808
2157 313.610 41.859 4400.814
2158 274.358 139.693 4399.764
2159 287.428 132.165 4400.270
2160 300.268 272.871 4400.921
2161 287.478 87.304 4400.158
2162 157.548 132.159 4400.838
2163 144.548 124.691 4400.600
2164 291.493 266.588 4400.812
2165 139.778 116.579 4400.681
2166 144.613 139.738 4400.802
2167 296.683 243.634 4400.003
2168 196.373 169.988 4399.807
2169 235.327 251.086 4401.368
2170 237.545 382.755 4401.711
2171 247.839 50.227 4398.030
2172 182.818 -86.451 4400.087
2173 500.383 116.898 4401.418
2174 235.445 116.117 4399.243
2175 340.854 208.006 4402.981
2176 505.117 153.655 4401.278
2177 513.226 140.479 4402.934
2178 196.393 243.903 4399.945
2179 183.573 222.141 4399.896
2180 532.392 166.383 4400.795
2181 300.477 213.353 4399.597
2182 288.023 215.573 4399.043
2183 157.236 267.792 4401.587
2184 196.109 350.748 4401.589
2185 262.353 133.247 4399.592
2186 495.448 -61.662 4402.936
2187 482.303 -54.055 4402.706
2188 300.493 96.162 4401.438
2189 243.925 18.910 4398.561
2190 219.038 6.997 4397.777
2191 234.713 -2.765 4397.456
2192 219.163 18.290 4397.365
2193 206.529 386.979 4400.146
2194 246.061 1.770 4397.319
2195 196.488 379.329 4399.926
2196 170.548 154.652 4400.952
2197 481.872 288.384 4404.202
2198 237.358 26.779 4398.127
2199 195.397 362.528 4400.060
2200 235.567 14.466 4397.244
2201 339.832 220.562 4405.019
2202 508.068 109.435 4401.423
2203 222.297 334.310 4401.297
2205 503.108 134.891 4402.745
2206 209.494 341.756 4401.595
2207 217.607 380.833 4400.027
2208 209.191 357.264 4401.580
2209 209.367 371.769 4400.475
2211 492.888 128.292 4402.145
2212 184.303 57.120 4398.410
2213 170.398 49.587 4398.551
2214 196.312 273.540 4401.384
2215 181.933 280.015 4401.733
2216 170.391 259.161 4400.970
2217 480.843 -70.898 4402.327
2218 403.663 121.043 4405.402
2219 452.953 -63.387 4402.682
2220 404.244 199.280 4400.810
2221 -206.316 416.398 4399.758
2222 444.578 -77.798 4402.923
2224 456.303 -39.197 4402.038
2225 453.228 -55.738 4402.316
2226 196.263 304.291 4400.426
2227 196.345 289.313 4401.346
2228 456.348 -85.157 4402.825
2229 170.533 169.758 4401.051
2230 170.473 229.691 4401.430
2231 183.473 192.325 4399.712
2232 232.288 -22.975 4398.413
2233 183.648 162.233 4401.036
2234 214.358 -36.929 4396.970
2235 504.022 -13.648 4403.282
2236 183.658 177.255 4400.796
2237 234.322 372.209 4404.570
2238 183.533 72.172 4397.881
2239 222.364 364.350 4402.416
2240 297.404 318.397 4401.343
2241 40.222 290.681 4395.977
2242 297.094 333.503 4401.193
2243 288.712 344.042 4400.927
2244 300.044 350.460 4401.083
2245 532.449 96.952 4401.785
2246 514.281 66.503 4401.965
2247 55.163 251.770 4396.266
2248 482.112 79.258 4403.300
2249 534.578 75.315 4401.360
2250 131.972 327.503 4399.321
2251 403.553 169.401 4400.832
2252 261.283 205.979 4399.296
2253 298.734 -248.614 4409.934
2254 80.562 296.809 4398.093
2255 237.139 205.928 4399.120
2256 390.137 188.372 4399.902
2257 222.232 214.611 4399.327
2258 391.242 220.040 4398.971
2259 209.291 265.916 4401.752
2260 402.983 182.118 4400.841
2261 399.302 209.868 4400.416
2262 222.314 273.502 4401.801
2263 289.630 324.339 4401.273
2264 426.876 -281.485 4409.728
2265 300.140 260.746 4400.709
2266 257.686 -8.720 4398.630
2267 209.361 -3.021 4397.941
2268 221.110 183.477 4398.041
2269 210.374 221.077 4399.578
2270 532.737 -40.882 4403.545
2271 571.712 -19.586 4403.845
2272 244.729 183.481 4397.827
2273 287.306 237.103 4399.986
2274 235.616 190.520 4398.382
2275 222.575 258.396 4401.542
2276 222.274 244.568 4401.280
2277 287.591 250.919 4400.127
2278 312.096 238.058 4399.899
2279 260.131 30.721 4397.657
2280 209.685 251.191 4401.542
2281 160.362 70.035 4399.280
2282 269.233 17.853 4397.820
2283 222.467 -14.197 4397.281
2284 195.163 79.377 4398.030
2285 223.095 168.037 4397.896
2286 66.431 248.728 4396.157
2287 182.583 15.704 4398.541
2288 211.989 41.795 4397.422
2289 194.571 93.226 4397.503
2290 209.297 57.742 4397.707
2291 268.718 -1.972 4398.769
2292 287.237 280.869 4400.691
2293 27.286 266.604 4396.991
2294 222.651 154.800 4398.228
2295 261.229 11.999 4397.532
2296 287.177 371.658 4401.101
2297 291.649 356.698 4401.323
2298 497.263 53.217 4404.185
2299 391.418 211.560 4400.342
2300 235.324 221.019 4399.178
2301 222.388 228.386 4399.825
2302 79.350 222.934 4400.622
2303 289.066 313.954 4400.907
2304 274.293 348.908 4402.736
2305 599.669 -16.509 4402.791
2306 417.124 146.575 4402.149
2307 503.316 6.760 4405.764
2308 274.236 228.337 4399.539
2309 598.737 -48.042 4405.375
2310 534.090 -9.485 4403.639
2311 209.622 163.068 4397.771
2312 222.336 109.267 4398.559
2313 222.269 197.776 4398.744
2314 247.101 124.318 4399.016
2315 626.448 -1.302 4407.443
2316 561.743 -11.361 4403.924
2317 247.980 108.827 4399.330
2318 248.194 229.576 4399.237
2319 237.087 86.895 4398.465
2320 149.756 83.780 4400.067
2321 222.313 94.415 4398.225
2322 248.217 94.256 4399.249
2323 220.346 104.247 4398.044
2324 248.307 80.351 4398.372
2325 209.276 87.769 4398.061
2326 211.191 191.063 4398.611
2327 299.821 231.116 4399.627
2328 261.207 235.980 4399.771
2329 129.528 -102.387 4396.171
2330 546.335 -48.472 4404.166
2331 547.844 -61.984 4404.753
2332 248.169 200.068 4398.876
2333 236.472 156.344 4397.863
2334 625.419 -36.492 4406.837
2335 247.860 212.610 4399.380
2336 519.978 41.855 4402.303
2337 236.507 236.050 4399.569
2338 218.563 50.363 4398.015
2339 559.925 -39.997 4404.867
2340 547.121 -16.007 4403.223
2341 573.852 -1.864 4403.659
2342 378.140 182.063 4399.940
2343 243.278 395.597 4401.133
2344 273.278 214.725 4399.224
2345 491.500 -4.766 4402.708
2346 263.933 191.006 4398.695
2347 118.414 245.106 4401.026
2348 274.658 184.404 4398.576
2349 298.365 188.378 4398.541
2351 271.371 198.031 4398.711
2352 559.310 94.185 4401.821
2353 274.426 273.283 4400.813
2354 598.930 101.928 4404.128
2355 390.688 144.614 4403.697
2356 520.974 86.927 4401.927
2357 598.888 13.107 4403.169
2358 456.099 -250.480 4408.931
2359 618.936 28.815 4404.681
2360 248.412 303.430 4401.853
2361 575.922 11.297 4402.866
2362 573.116 -48.626 4408.247
2363 170.457 139.897 4400.769
2364 546.655 131.994 4403.959
2365 260.969 295.874 4401.684
2366 394.809 174.844 4400.351
2367 170.340 184.436 4401.014
2368 367.676 202.496 4400.426
2369 313.373 162.020 4399.653
2370 92.452 230.470 4400.845
2371 157.519 221.955 4401.313
2372 326.214 230.341 4404.257
2373 368.533 191.043 4399.394
2374 339.111 192.330 4398.404
2375 375.084 169.010 4400.258
2376 342.002 177.107 4399.406
2377 300.365 380.463 4401.539
2378 354.365 184.282 4399.119
2379 287.158 191.608 4398.432
2380 313.236 176.815 4399.559
2381 313.191 221.862 4401.645
2382 390.250 163.607 4400.431
2383 326.209 214.355 4402.113
2384 272.189 366.287 4403.825
2385 377.493 202.463 4399.254
2386 261.605 310.940 4401.611
2387 235.295 401.042 4401.003
2388 228.039 395.392 4400.944
2389 261.294 371.758 4402.477
2390 204.627 -70.529 4400.617
2391 261.256 326.781 4402.480
2392 248.342 319.315 4402.578
2393 273.396 336.594 4401.186
2394 85.513 205.104 4400.646
2395 261.429 342.640 4402.812
2396 209.300 281.954 4401.917
2397 235.405 102.884 4398.764
2398 274.332 317.349 4401.221
2399 222.363 289.339 4401.913
2400 274.427 303.723 4402.002
2401 212.250 71.698 4397.529
2402 221.802 65.751 4397.920
2403 237.607 57.878 4398.309
2404 219.913 79.362 4397.833
2405 245.941 64.325 4397.844
2406 245.100 34.354 4398.210
2407 218.138 136.818 4398.854
2408 236.817 41.963 4397.603
2409 262.992 56.987 4397.839
2410 105.503 236.891 4400.912
2411 222.210 36.253 4397.431
2412 209.127 146.775 4397.763
2413 79.483 386.764 4400.482
2414 222.370 125.423 4399.100
2415 222.373 139.379 4399.149
2416 209.090 116.867 4397.731
2417 -141.432 -400.625 4400.370
2418 390.527 -437.940 4414.010
2419 300.235 453.999 4402.982
2420 131.527 -347.894 4413.881
2421 444.313 433.865 4401.951
2422 261.821 538.075 4401.598
2423 196.427 -445.377 4412.698
2424 443.074 -227.966 4407.691
2425 533.943 -85.478 4404.012
2426 533.974 -72.683 4403.841
2427 63.657 404.725 4400.395
2428 378.024 -234.697 4409.459
2429 482.104 -84.520 4403.002
2430 549.360 -92.856 4404.509
2431 -102.358 206.914 4396.784
2432 235.366 551.193 4401.431
2433 -282.412 115.317 4393.796
2434 196.148 500.358 4401.435
2435 235.410 -437.855 4412.957
2436 -115.215 214.369 4396.255
2437 -115.347 170.287 4395.816
2438 209.624 506.150 4401.101
2439 40.618 231.264 4395.919
2440 394.857 356.813 4401.103
2441 392.799 70.100 4402.524
2442 53.594 282.942 4397.225
2443 402.117 364.097 4401.361
2444 520.377 -78.420 4404.122
2445 404.081 320.343 4402.610
2446 131.317 281.840 4397.779
2447 116.523 281.495 4397.418
2448 105.099 330.119 4398.917
2449 118.373 276.712 4397.396
2450 106.611 341.510 4399.375
2451 209.618 417.233 4400.623
2452 66.393 274.222 4397.989
2453 53.327 264.821 4397.626
2454 274.245 -490.341 4414.829
2455 66.438 257.456 4396.452
2456 313.248 -332.920 4411.615
2457 79.498 251.779 4396.313
2458 27.376 356.639 4400.546
2459 39.224 355.529 4400.887
2460 14.620 364.369 4399.761
2461 24.122 345.846 4400.088
2462 287.297 -317.924 4411.638
2463 300.291 -310.491 4411.450
2464 40.612 364.284 4400.746
2465 313.536 -347.923 4411.938
2466 403.534 -265.449 4409.511
2467 404.080 -279.971 4409.497
2468 287.322 -347.781 4411.623
2469 287.495 -332.900 4411.440
2470 300.280 -326.990 4411.639
2471 351.738 -296.387 4410.669
2472 -232.072 56.897 4395.792
2473 1.589 371.718 4399.898
2474 -252.817 78.937 4395.636
2475 -245.166 77.651 4395.414
2476 352.952 -325.438 4411.333
2477 40.419 334.293 4399.557
2478 339.192 -288.457 4410.493
2479 326.802 -295.031 4410.864
2480 339.267 -317.934 4411.255
2481 313.326 -303.015 4411.173
2482 326.172 -310.431 4411.241
2483 300.199 440.355 4402.340
2484 -24.448 386.746 4397.587
2485 183.430 -257.843 4411.194
2486 -50.389 266.837 4395.110
2487 1.527 341.707 4399.197
2488 170.771 455.208 4399.775
2489 77.722 341.860 4399.177
2490 90.840 334.344 4398.999
2491 79.452 327.828 4399.165
2492 91.023 319.318 4399.969
2493 66.335 455.572 4398.016
2494 469.111 -272.943 4409.333
2495 428.401 -324.275 4411.039
2496 -37.475 275.330 4395.364
2497 -47.714 281.855 4395.618
2498 482.123 -265.444 4409.467
2499 444.417 -333.184 4411.223
2500 339.205 -377.918 4412.086
2501 495.034 -257.897 4410.158
2502 430.170 -312.677 4410.700
2503 351.789 -371.009 4412.026
2504 326.361 -370.387 4412.238
2505 404.094 -310.372 4410.887
2506 417.117 -317.905 4410.949
2507 598.919 -196.038 4410.904
2508 375.575 -220.980 4409.490
2509 -263.882 49.253 4393.558
2510 118.469 -445.366 4411.444
2511 -89.451 394.259 4396.441
2512 378.099 -251.275 4409.616
2513 506.328 -220.514 4407.362
2514 -129.438 130.329 4398.978
2515 210.692 -422.514 4412.388
2516 364.358 -212.954 4409.551
2517 508.039 -85.633 4403.113
2518 521.673 -108.009 4404.281
2519 477.218 -116.348 4404.192
2520 365.285 -241.917 4409.357
2521 508.100 -70.412 4402.825
2522 430.143 -295.412 4410.388
2523 443.187 -302.903 4410.393
2524 479.229 -294.910 4409.753
2525 455.876 -294.072 4410.125
2526 443.163 -287.928 4409.860
2527 469.114 -302.853 4410.165
2528 454.037 -279.639 4409.485
2529 430.296 -341.104 4411.168
2530 404.324 -325.458 4411.168
2531 573.052 -213.390 4406.073
2532 235.319 521.821 4400.783
2533 417.268 -348.062 4411.458
2534 443.174 -107.906 4403.905
2535 469.964 -3.405 4401.682
2536 443.178 -123.015 4404.309
2537 29.704 296.820 4395.894
2538 66.560 318.284 4398.002
2539 144.218 334.306 4399.024
2540 117.579 -314.850 4413.979
2541 118.430 -326.532 4413.985
2542 118.036 -296.905 4413.872
2543 131.383 -318.719 4414.109
2544 261.334 505.778 4401.419
2545 131.520 -302.929 4414.300
2546 443.156 -317.850 4410.620
2547 -91.573 184.421 4396.942
2548 118.436 304.275 4399.251
2549 92.420 260.168 4396.788
2550 81.520 266.870 4397.151
2551 92.410 271.881 4397.328
2552 122.756 317.289 4399.378
2553 105.336 266.732 4397.102
2554 66.420 289.216 4398.081
2555 53.537 296.856 4396.843
2556 55.288 311.787 4397.381
2557 248.240 514.316 4401.042
2558 79.707 310.599 4397.763
2559 36.564 304.340 4396.291
2560 130.972 341.833 4399.149
2561 209.710 431.122 4402.058
2562 261.240 -467.922 4414.398
2563 274.184 -460.372 4414.389
2564 -89.288 200.253 4396.744
2565 274.048 -476.944 4414.439
2566 212.692 401.084 4400.745
2567 235.444 581.757 4401.303
2568 170.454 425.204 4399.878
2569 287.358 -556.779 4411.333
2570 469.078 -242.913 4408.715
2571 76.558 376.273 4400.748
2572 235.320 -467.923 4413.997
2573 196.502 439.040 4401.637
2574 118.537 -385.415 4411.793
2575 40.368 377.870 4400.339
2576 222.435 -384.235 4411.692
2577 40.667 393.369 4400.017
2578 170.495 -400.513 4411.827
2579 142.857 423.566 4399.797
2580 14.539 379.370 4400.262
2581 274.300 -505.348 4414.971
2582 66.345 394.277 4400.879
2583 66.488 306.467 4396.881
2584 261.252 -452.804 4414.144
2585 183.494 -377.904 4411.517
2586 91.236 386.276 4401.146
2587 62.020 349.311 4398.936
2588 40.601 241.795 4396.132
2589 183.343 296.791 4401.061
2590 170.443 439.218 4399.601
2591 -12.529 243.454 4395.801
2592 92.486 394.339 4400.725
2593 102.903 391.151 4400.944
2594 -22.260 236.805 4395.506
2595 66.468 379.333 4400.223
2596 170.381 304.645 4399.663
2597 185.228 356.737 4400.457
2598 261.309 417.992 4403.168
2599 -102.248 176.970 4395.351
2600 259.791 475.280 4401.548
2601 274.032 485.407 4401.791
2602 63.915 368.604 4400.485
2603 261.346 -497.875 4415.014
2604 263.156 461.894 4402.525
2605 274.294 424.303 4403.854
2606 252.200 423.911 4403.383
2607 236.995 506.798 4400.877
2608 261.129 432.009 4404.088
2609 275.984 453.160 4402.395
2610 222.385 -475.492 4414.124
2611 235.367 -482.878 4414.610
2612 248.323 -475.403 4414.472
2613 313.161 -317.905 4411.288
2614 12.198 338.119 4400.416
2615 -11.377 364.255 4400.289
2616 599.034 -137.088 4412.155
2617 27.494 311.840 4396.451
2618 352.128 -205.444 4408.365
2619 14.634 352.472 4400.939
2620 39.232 319.641 4397.408
2621 326.129 -325.370 4411.371
2622 339.183 -196.802 4407.883
2623 339.292 -167.902 4406.631
2624 339.445 -212.934 4408.549
2625 365.427 -198.620 4409.112
2626 112.922 380.877 4399.604
2627 209.773 11.843 4398.354
2628 -320.852 141.539 4395.192
2629 -282.538 135.558 4394.197
2630 -301.476 139.312 4394.105
2631 -115.496 230.444 4395.005
2632 -115.377 243.041 4395.018
2633 -89.335 244.497 4395.239
2634 -298.078 131.124 4394.203
2635 -89.397 216.351 4395.285
2636 14.555 276.342 4395.363
2637 1.500 251.759 4397.073
2638 27.531 251.779 4397.659
2639 -24.359 251.966 4395.306
2640 1.461 236.886 4396.764
2641 131.479 -377.867 4411.798
2642 -37.408 245.987 4395.137
2643 -50.318 236.877 4395.131
2644 -63.306 230.273 4395.284
2645 29.428 236.732 4396.021
2646 -74.695 236.982 4395.424
2647 14.566 258.597 4397.421
2648 14.568 245.191 4397.723
2649 182.584 310.452 4400.372
2650 170.036 318.541 4399.552
2651 416.625 387.328 4401.496
2652 53.684 385.593 4399.398
2653 239.320 448.198 4402.370
2654 235.294 492.884 4401.132
2655 244.698 469.173 4401.306
2656 222.680 455.472 4402.841
2657 235.590 476.677 4401.252
2658 209.323 446.708 4402.129
2659 287.292 -527.970 4414.205
2660 247.500 -460.427 4414.191
2661 222.343 470.364 4401.262
2662 377.905 316.823 4400.892
2663 184.153 -393.018 4411.659
2664 378.160 335.406 4401.157
2665 93.021 301.966 4399.217
2666 53.441 236.714 4395.919
2667 105.326 297.779 4399.160
2668 92.436 290.245 4399.006
2669 196.419 -400.375 4411.493
2670 40.415 258.394 4397.924
2671 79.406 281.923 4398.921
2672 106.886 281.794 4397.336
2673 40.413 273.340 4396.180
2674 144.414 348.199 4399.483
2675 27.533 281.929 4395.540
2676 417.197 -287.884 4409.907
2677 261.592 493.202 4401.287
2678 247.129 499.173 4401.115
2679 325.288 271.902 4401.603
2680 261.528 446.463 4401.535
2681 248.276 485.284 4401.056
2682 132.878 356.815 4399.096
2683 350.877 302.890 4401.278
2684 313.622 266.289 4401.043
2685 315.495 280.886 4400.964
2686 274.560 407.915 4402.233
2687 244.104 454.480 4401.758
2688 316.280 250.793 4400.725
2689 365.258 296.795 4401.086
2690 352.138 290.357 4400.778
2691 118.314 259.357 4399.315
2692 144.257 274.255 4400.852
2693 170.552 289.255 4400.280
2694 181.141 431.811 4400.090
2695 170.780 366.963 4399.314
2696 157.263 281.735 4400.800
2697 183.431 371.884 4400.319
2698 131.447 266.863 4400.559
2699 51.633 361.325 4400.886
2700 53.437 370.995 4400.218
2701 170.453 334.719 4399.148
2702 -115.287 200.205 4396.516
2703 93.213 350.574 4400.264
2704 89.347 364.127 4399.502
2705 182.707 342.429 4400.386
2706 169.456 347.857 4400.380
2707 183.390 326.879 4400.157
2708 157.638 462.818 4399.928
2709 155.334 355.813 4399.798
2710 144.399 364.163 4400.153
2711 183.379 446.846 4400.079
2712 170.541 -370.563 4411.645
2713 -11.472 211.951 4395.620
2714 559.649 -116.376 4404.675
2715 157.442 341.815 4399.180
2717 157.186 446.810 4399.636
2718 547.429 -126.457 4404.662
2719 560.162 -99.642 4405.395
2720 -336.606 161.965 4393.958
2721 572.974 -93.026 4406.621
2722 559.434 -82.648 4406.380
2723 547.039 -77.903 4406.810
2724 559.804 -69.660 4406.538
2725 -328.073 124.720 4393.708
2726 -347.159 139.398 4394.255
2727 222.439 -341.092 4411.714
2728 402.494 394.470 4402.235
2729 404.208 -25.560 4401.288
2730 416.255 -20.078 4401.323
2731 274.337 500.319 4401.166
2732 287.610 491.048 4401.468
2733 273.383 467.888 4402.343
2734 378.522 407.571 4401.613
2735 350.126 424.408 4402.385
2736 248.245 -492.321 4414.623
2737 339.122 432.867 4401.418
2738 235.214 461.585 4401.434
2739 222.411 -280.427 4412.186
2740 323.055 429.281 4402.755
2741 313.262 448.417 4404.029
2742 294.503 447.784 4402.648
2743 261.403 -363.001 4411.608
2744 287.224 521.742 4401.275
2745 248.358 -340.880 4412.038
2746 274.350 -339.829 4411.562
2747 248.366 -370.387 4411.861
2748 248.302 -355.420 4411.661
2749 -24.390 281.804 4395.289
2750 261.432 -377.880 4411.961
2751 -22.686 296.867 4396.253
2752 -11.476 290.270 4395.421
2753 351.943 -174.811 4407.480
2754 274.957 -372.964 4412.038
2755 551.085 -108.029 4404.407
2756 183.379 -287.594 4413.572
2757 339.208 -182.983 4407.395
2758 194.926 -370.633 4412.583
2759 209.485 -377.927 4411.524
2760 339.372 -332.941 4411.680
2761 209.374 -362.871 4411.749
2762 212.368 -407.940 4412.215
2763 157.485 -273.039 4412.417
2764 378.476 -205.441 4409.128
2765 222.283 -400.550 4412.084
2766 209.388 -393.037 4411.616
2767 -27.095 316.251 4399.100
2768 66.544 334.269 4399.568
2769 -245.303 49.046 4395.120
2770 183.463 -272.907 4412.795
2771 -245.199 65.343 4394.695
2772 -258.149 56.960 4393.680
2773 350.413 -309.747 4410.939
2774 339.225 -302.968 4410.801
2775 456.042 -99.476 4403.484
2776 -11.336 304.301 4397.913
2777 621.940 -122.528 4408.044
2778 -37.309 319.203 4398.056
2779 54.983 341.841 4398.785
2780 -39.815 308.497 4398.332
2781 53.480 326.800 4397.472
2782 1.505 311.833 4397.463
2783 222.348 -250.468 4410.935
2784 196.362 -265.449 4411.869
2785 1.601 296.800 4396.249
2786 -50.439 311.870 4397.556
2787 196.374 -279.802 4412.878
2789 11.241 289.394 4395.397
2790 222.384 -265.403 4410.951
2791 170.397 -265.452 4412.023
2792 209.357 -272.962 4412.101
2793 14.244 320.233 4399.950
2794 -52.318 300.720 4398.292
2795 508.153 -235.482 4407.177
2796 417.175 -122.903 4405.248
2797 495.046 -198.040 4406.565
2798 521.759 -229.537 4406.776
2799 494.964 -212.923 4406.993
2800 521.045 -213.003 4406.306
2801 508.028 -190.467 4406.137
2802 118.468 -430.407 4411.291
2803 507.880 -205.506 4406.588
2804 183.341 -422.979 4412.033
2805 -258.193 86.834 4394.867
2806 365.199 -317.920 4410.866
2807 326.294 -340.449 4411.587
2808 326.333 -250.435 4409.629
2809 325.535 -264.172 4410.544
2810 312.903 -242.826 4409.971
2811 313.177 -392.858 4412.556
2812 339.367 -272.949 4410.248
2813 339.273 -258.012 4410.236
2814 323.365 -384.797 4412.596
2815 339.497 -242.991 4410.270
2816 326.229 -401.577 4412.806
2817 339.852 -392.862 4412.505
2818 131.363 -452.897 4411.950
2819 339.278 -497.870 4412.524
2820 170.381 -430.372 4412.025
2821 -271.146 143.781 4394.024
2822 325.207 -433.253 4414.619
2823 339.398 -527.005 4410.627
2824 352.237 -445.401 4414.337
2825 313.234 -482.816 4414.394
2826 326.294 -415.370 4413.723
2827 394.933 418.687 4401.505
2828 326.414 -447.329 4414.603
2829 222.302 -490.408 4414.585
2830 339.262 -467.882 4414.596
2831 261.033 -484.898 4414.907
2832 261.322 -512.817 4415.060
2833 209.344 -482.792 4414.035
2834 456.072 -205.349 4407.149
2835 53.991 417.116 4398.623
2836 38.818 409.708 4399.260
2837 391.145 -137.967 4406.334
2838 40.564 423.835 4398.202
2839 1.547 401.780 4400.306
2841 520.993 -93.041 4403.883
2842 14.595 409.368 4399.318
2843 28.733 386.818 4401.445
2844 53.517 401.824 4401.160
2845 27.605 371.754 4401.295
2846 -63.356 319.318 4396.685
2847 235.232 -257.917 4410.382
2848 209.381 -242.917 4410.165
2849 209.382 -257.925 4411.459
2850 456.096 -145.830 4405.597
2851 417.580 -272.420 4410.597
2852 -50.410 326.845 4397.375
2853 1.447 356.867 4399.680
2854 197.002 -250.486 4410.771
2855 222.339 -235.471 4410.021
2856 235.226 -242.997 4410.224
2857 456.037 -235.490 4408.068
2858 27.614 326.891 4400.485
2859 417.504 -258.027 4409.146
2860 430.191 -265.417 4409.288
2861 573.015 -182.981 4405.986
2862 573.352 -62.834 4407.827
2863 521.108 -168.667 4405.151
2864 599.023 -77.917 4407.400
2865 624.908 -62.846 4405.548
2866 547.065 -287.150 4408.055
2867 573.074 -152.945 4405.709
2868 546.980 -227.911 4406.344
2869 547.046 -317.905 4407.740
2870 534.163 -161.478 4405.208
2871 550.261 -258.630 4407.015
2872 314.082 -454.595 4414.722
2873 340.020 -439.563 4414.646
2874 311.493 -422.775 4414.123
2875 235.270 -318.860 4411.726
2876 339.380 -453.004 4414.651
2877 183.487 -512.805 4414.120
2878 196.377 -310.406 4413.414
2879 196.427 -535.924 4415.545
2880 209.301 -317.991 4412.406
2881 313.304 -467.855 4414.718
2882 209.403 -527.846 4415.292
2883 326.160 -460.348 4414.695
2884 196.057 -522.344 4414.596
2885 495.077 -287.983 4409.733
2886 184.248 -529.688 4414.996
2887 495.152 -272.959 4409.453
2888 522.237 -274.098 4409.248
2889 456.254 -325.418 4411.233
2890 417.179 -332.861 4411.144
2891 510.943 -266.662 4409.434
2892 469.242 -316.825 4410.978
2893 508.137 -250.379 4408.697
2894 482.081 -280.425 4409.529
2895 573.242 -243.225 4406.711
2896 572.809 -271.935 4407.258
2897 391.237 -227.944 4408.706
2898 481.843 -310.422 4410.447
2899 144.409 -535.377 4414.876
2900 453.959 -308.030 4410.404
2901 132.767 -543.520 4415.287
2902 131.516 -527.913 4414.694
2903 118.390 -519.437 4414.359
2904 391.149 -243.070 4409.538
2905 192.484 396.432 4400.636
2906 235.314 -527.889 4415.438
2907 121.272 -550.146 4415.776
2908 546.932 -137.083 4404.798
2909 404.265 -190.917 4407.512
2910 144.559 -520.213 4413.915
2911 430.101 -145.501 4406.005
2912 471.326 -197.816 4407.093
2913 274.637 -430.407 4413.735
2914 261.310 -422.819 4413.038
2915 248.344 -430.406 4412.702
2916 248.344 -445.409 4413.826
2917 417.170 -168.016 4406.796
2918 617.991 120.198 4404.443
2919 417.712 -152.985 4406.662
2920 404.079 -160.458 4406.766
2921 443.690 -212.990 4407.287
2922 391.192 -168.965 4407.023
2923 170.450 275.146 4401.665
2924 404.215 -145.463 4406.490
2925 430.050 -115.432 4404.466
2926 417.265 -213.021 4407.926
2927 400.756 -6.296 4401.322
2928 391.127 -17.074 4401.045
2929 488.293 336.388 4407.202
2930 390.974 41.911 4402.271
2931 131.458 -392.865 4411.751
2932 131.493 -437.886 4411.511
2933 352.207 -385.325 4412.087
2934 118.568 -460.497 4411.799
2935 118.614 -400.755 4411.443
2936 -37.509 289.776 4397.832
2937 222.430 -430.432 4412.739
2938 480.812 -204.559 4406.966
2939 619.380 85.409 4405.844
2940 391.185 -198.012 4407.858
2941 183.354 -302.842 4413.584
2942 559.945 -130.139 4404.744
2943 352.187 -190.391 4407.713
2944 368.070 -170.913 4407.572
2945 105.059 -382.254 4412.475
2946 116.403 -474.922 4411.890
2947 365.218 -183.599 4408.685
2948 144.198 -385.856 4411.332
2949 456.143 -220.446 4407.663
2950 183.618 -362.978 4411.532
2951 469.111 -213.056 4407.207
2952 209.434 -437.863 4412.662
2953 391.215 -212.909 4408.550
2954 598.971 -167.795 4411.664
2955 377.747 -191.348 4408.587
2956 288.006 -469.708 4414.608
2957 495.056 -242.993 4408.698
2958 495.039 -227.933 4407.650
2959 482.056 -250.336 4409.101
2960 313.155 -273.081 4410.191
2961 417.042 -303.560 4411.137
2962 300.402 -280.480 4410.641
2963 287.223 -257.984 4410.204
2964 325.699 -280.758 4410.545
2965 313.255 -288.332 4410.903
2966 313.469 -258.592 4409.961
2967 482.014 -130.515 4404.638
2968 469.103 -137.920 4405.055
2969 300.410 -265.439 4410.103
2970 456.122 -129.456 4404.765
2971 456.008 -116.008 4404.655
2972 521.273 -198.068 4406.224
2973 469.072 -287.895 4409.336
2974 325.638 -353.603 4412.072
2975 170.360 -414.521 4411.569
2976 222.406 -355.940 4411.921
2977 157.486 -392.867 4411.605
2978 235.704 -393.798 4412.070
2979 183.450 -408.036 4411.657
2980 248.312 -250.420 4410.097
2981 144.259 -428.869 4411.357
2982 235.262 -227.970 4409.944
2983 131.401 -422.821 4411.760
2984 507.806 -100.483 4403.627
2985 326.241 439.263 4402.597
2986 170.410 -355.452 4411.994
2987 131.473 -362.940 4412.153
2988 118.663 -370.820 4411.978
2989 494.980 -123.238 4404.483
2990 326.649 -224.418 4408.994
2991 118.525 -355.396 4413.489
2992 143.847 -355.460 4412.960
2993 326.254 -205.475 4408.325
2994 313.311 -211.321 4408.443
2995 394.215 386.894 4401.291
2996 -232.425 311.519 4395.292
2997 373.059 372.113 4400.967
2998 534.881 152.981 4401.726
2999 315.845 431.202 4402.941
3000 405.199 382.188 4400.919
3001 525.632 190.674 4401.147
3002 525.537 161.840 4400.824
3003 248.338 -280.393 4411.316
3004 481.902 225.668 4400.403
3005 378.213 365.500 4401.054
3006 502.428 184.162 4401.084
3007 209.600 -514.773 4414.959
3008 314.942 -542.896 4410.172
3009 248.376 -520.324 4415.095
3010 287.288 -452.928 4414.180
3011 261.270 -572.842 4413.436
3012 222.405 -520.752 4414.999
3013 417.727 417.523 4401.734
3014 235.351 -512.858 4414.980
3015 209.413 -497.860 4414.611
3016 222.293 -507.311 4414.667
3017 196.322 -460.353 4412.659
3018 238.991 -452.589 4413.760
3019 274.265 -445.270 4414.066
3020 316.067 341.958 4400.916
3021 155.318 420.321 4399.651
3022 259.794 566.747 4401.492
3023 141.343 394.244 4399.312
3024 108.540 373.248 4399.352
3025 120.544 424.295 4399.478
3026 131.373 415.141 4399.926
3027 134.019 385.482 4399.202
3028 157.333 -422.947 4411.477
3029 287.195 551.873 4401.267
3030 300.468 -190.386 4407.149
3031 143.280 -279.331 4412.771
3032 520.982 -122.918 4404.410
3033 131.507 -287.957 4413.562
3034 144.488 -445.316 4411.905
3035 482.023 -100.401 4403.583
3036 118.504 -415.287 4411.058
3037 157.982 -438.042 4411.833
3038 313.432 -197.979 4407.413
3039 274.366 -205.324 4407.769
3040 300.268 -205.496 4407.743
3041 144.502 -416.432 4411.297
3042 352.056 394.423 4400.893
3043 196.422 -415.350 4412.041
3044 196.355 -430.344 4412.317
3045 430.356 -219.898 4407.678
3046 495.215 -92.999 4403.539
3047 391.250 431.827 4401.483
3048 534.051 -115.562 4404.283
3049 235.248 -587.995 4413.881
3050 532.553 142.096 4401.047
3051 547.075 101.962 4401.236
3052 261.323 -287.963 4411.812
3053 534.213 109.469 4401.002
3054 524.556 131.972 4401.169
3055 316.789 311.110 4401.013
3056 342.432 325.443 4400.803
3057 527.032 102.052 4400.940
3058 551.195 -152.935 4405.156
3059 311.279 296.835 4400.940
3060 547.033 86.923 4401.258
3061 367.294 343.465 4401.001
3062 456.120 -175.507 4406.952
3063 494.960 -182.885 4406.000
3064 443.685 -167.319 4406.666
3065 272.356 440.469 4401.706
3066 427.989 -175.332 4406.803
3067 456.129 -160.330 4406.120
3068 520.942 -242.764 4406.903
3069 443.161 -183.026 4407.099
3070 315.505 -409.275 4412.604
3071 193.527 455.754 4402.158
3072 348.487 333.935 4400.871
3073 196.590 483.308 4401.562
3074 456.138 -190.573 4406.686
3075 482.135 -190.704 4406.584
3076 547.034 -167.982 4405.310
3077 220.905 486.526 4401.536
3078 472.585 416.026 4402.439
3079 209.754 489.698 4401.062
3080 226.118 498.795 4401.108
3081 441.621 352.313 4404.563
3082 467.998 384.634 4404.024
3083 418.543 370.730 4402.068
3084 498.119 367.822 4410.402
3085 284.531 400.782 4401.202
3086 428.468 345.620 4404.484
3087 443.071 -153.065 4406.469
3088 428.697 -162.417 4407.092
3089 430.171 -190.449 4407.139
3090 430.208 -205.486 4407.322
3091 393.074 -182.229 4407.419
3092 404.094 -175.393 4406.907
3093 443.388 -197.932 4407.156
3094 377.497 -162.437 4407.285
3095 195.650 -505.356 4414.356
3096 430.213 -130.919 4405.184
3097 443.111 -138.030 4404.883
3098 423.230 -136.361 4405.334
3099 261.373 -257.927 4410.677
3100 377.052 -176.437 4407.850
3101 287.265 -212.965 4408.815
3102 261.317 -212.915 4408.485
3103 248.323 -235.383 4409.904
3104 261.367 -242.944 4409.834
3105 287.414 -198.086 4407.372
3106 300.216 -219.241 4408.599
3107 469.102 -93.803 4403.157
3108 469.099 -107.887 4403.665
3109 495.022 -107.021 4404.007
3110 248.392 -220.506 4409.515
3111 131.417 -407.053 4411.130
3112 430.174 -235.413 4408.235
3113 430.271 -250.401 4408.822
3114 507.474 -116.748 4404.360
3115 417.173 -242.980 4408.671
3116 443.160 -257.986 4409.122
3117 -37.378 334.402 4397.812
3118 443.183 -272.910 4409.348
3119 444.030 -243.008 4408.720
3120 -24.550 326.890 4398.558
3121 456.175 -265.427 4409.204
3122 -14.022 323.835 4399.574
3123 222.338 -370.819 4411.726
3124 235.613 -348.734 4411.796
3125 482.177 -220.504 4407.688
3126 469.118 -257.847 4409.436
3127 533.778 -100.566 4404.820
3128 248.173 -387.576 4411.801
3129 534.072 -205.462 4405.823
3130 521.077 -182.899 4405.406
3131 534.064 -189.449 4405.951
3132 235.454 -363.106 4411.612
3133 235.308 -377.055 4411.922
3134 533.979 -175.487 4404.910
3135 326.214 -192.037 4407.573
3136 118.493 -340.354 4413.896
3137 546.889 -196.675 4405.655
3138 157.550 -407.925 4411.452
3139 144.519 -400.388 4411.356
3140 547.326 -183.066 4405.043
3141 144.521 -325.426 4414.684
3142 391.292 -153.208 4407.091
3143 313.930 -182.917 4407.106
3144 324.678 -175.561 4406.887
3145 313.221 -227.913 4409.203
3146 131.497 -332.870 4414.082
3147 418.159 -198.089 4407.516
3148 144.512 -341.679 4414.547
3149 404.134 -130.464 4406.095
3150 417.159 -183.017 4406.998
3151 339.443 446.526 4403.663
3152 313.382 -377.825 4412.566
3153 300.355 -385.358 4412.944
3154 287.300 -393.730 4412.576
3155 261.471 -392.808 4412.624
3156 365.301 -362.809 4411.977
3157 378.349 -370.371 4411.802
3158 367.038 -378.168 4411.871
3159 365.272 -287.904 4410.035
3160 364.429 418.108 4401.482
3161 339.352 -347.883 4411.969
3162 262.102 -542.923 4414.044
3163 352.176 -340.328 4411.930
3164 352.328 -280.160 4410.032
3165 378.251 -310.407 4410.749
3166 376.088 424.589 4401.547
3167 368.233 431.008 4401.599
3168 313.180 327.832 4400.994
3169 562.664 48.972 4401.433
3170 546.930 56.276 4401.362
3171 365.200 446.758 4401.428
3172 391.214 461.738 4401.514
3173 391.212 401.968 4401.494
3174 209.294 26.993 4397.088
3175 538.954 126.022 4401.199
3176 571.711 36.047 4402.467
3177 157.493 -287.960 4413.372
3178 546.934 73.039 4401.322
3179 170.456 -310.342 4413.738
3180 352.254 -160.289 4407.074
3181 157.376 -302.905 4413.654
3182 157.402 -317.842 4414.209
3183 170.505 -295.336 4413.512
3184 196.347 -295.370 4414.155
3185 144.454 -295.405 4414.088
3186 365.233 -152.896 4406.370
3187 378.201 -145.436 4406.606
3188 144.662 -310.761 4414.080
3189 170.531 -280.379 4413.181
3190 573.034 -122.927 4405.023
3191 326.262 454.127 4404.368
3192 119.057 365.571 4399.270
3193 313.135 508.045 4401.508
3194 339.189 491.764 4402.241
3195 339.249 521.737 4401.467
3196 326.291 469.198 4403.114
3197 365.382 476.775 4401.525
3198 363.554 506.815 4401.871
3199 389.367 491.764 4401.552
3200 352.302 -355.397 4411.903
3201 313.280 537.761 4401.150
3202 235.702 -499.800 4415.078
3203 376.590 -294.429 4410.210
3204 248.506 -505.355 4415.248
3205 377.876 305.565 4401.178
3206 327.259 349.301 4401.125
3207 352.174 364.195 4400.807
3208 365.264 357.804 4401.101
3209 346.882 357.241 4401.044
3210 324.774 288.373 4400.952
3211 352.101 350.265 4401.001
3212 248.637 380.660 4401.387
3213 300.334 485.410 4401.406
3214 -296.587 439.219 4403.851
3215 183.456 462.549 4402.611
3216 351.648 441.465 4401.623
3217 520.973 116.952 4400.881
3218 374.964 396.924 4401.282
3219 415.432 450.793 4401.395
3220 417.235 476.763 4401.345
3221 391.169 371.649 4400.789
3222 274.374 394.622 4401.494
3223 263.785 400.600 4401.149
3224 300.349 410.337 4402.056
3225 377.967 378.951 4401.272
3226 287.366 431.502 4403.204
3227 391.080 -377.603 4412.025
3228 300.460 423.591 4402.967
3229 209.267 176.176 4398.372
3230 287.761 418.088 4402.372
3231 391.161 -467.915 4412.829
3232 -89.274 346.647 4395.005
3233 366.239 -424.763 4413.615
3234 391.442 -423.001 4413.659
3235 378.191 -430.582 4413.977
3236 -219.105 79.369 4396.754
3237 365.732 -437.937 4414.219
3238 375.291 -401.435 4412.923
3239 442.911 401.420 4401.462
3240 -99.841 161.016 4395.597
3241 417.117 -423.280 4413.336
3242 352.142 -400.443 4412.828
3243 371.105 -406.506 4413.023
3244 443.074 -347.939 4411.896
3245 430.164 -355.498 4411.514
3246 380.067 -416.257 4413.544
3247 365.277 -452.813 4414.338
3248 469.079 -392.901 4411.689
3249 403.479 -402.787 4412.642
3250 352.482 -432.241 4414.310
3251 352.340 -415.383 4413.695
3252 339.269 -423.024 4414.076
3253 443.163 -363.089 4411.532
3254 339.241 -408.008 4413.427
3255 469.086 -422.896 4411.573
3256 430.562 -387.184 4412.129
3257 417.195 -377.872 4411.840
3258 430.206 -370.364 4411.637
3259 378.320 -385.402 4412.337
3260 417.248 -362.876 4411.672
3261 442.971 -407.875 4413.258
3262 443.027 -437.891 4412.482
3263 442.985 -379.918 4411.843
3264 391.887 -409.532 4413.212
3265 390.932 -392.985 4412.395
3266 365.202 -512.964 4409.761
3267 365.126 -482.944 4412.506
3268 365.133 -392.841 4412.596
3269 120.860 -535.368 4415.435
3270 468.972 -122.096 4404.105
3271 287.395 -437.906 4414.202
3272 558.187 80.357 4401.018
3273 313.305 -512.953 4413.996
3274 287.322 -482.927 4414.662
3275 -63.404 513.049 4398.350
3276 313.373 -437.951 4414.717
3277 299.276 -447.785 4414.640
3278 326.438 -474.052 4414.796
3279 300.265 -430.369 4414.224
3280 300.294 -475.376 4414.619
3281 300.347 -462.261 4414.540
3282 404.161 -355.415 4411.418
3283 300.259 -490.389 4414.565
3284 494.949 206.915 4400.712
3285 404.084 -235.432 4408.735
3286 404.262 -205.466 4407.932
3287 419.103 -226.870 4408.376
3288 235.408 -272.835 4411.181
3289 404.174 -220.406 4408.581
3290 362.675 326.923 4401.014
3291 209.373 -287.940 4412.938
3292 625.729 -91.080 4405.321
3293 598.947 -107.034 4410.550
3294 429.752 380.503 4401.367
3295 248.116 -265.915 4410.599
3296 289.621 386.829 4401.649
3297 261.329 388.113 4401.943
3298 220.441 405.094 4401.074
3299 248.607 409.743 4401.565
3300 194.639 464.723 4401.733
3301 272.941 377.424 4401.306
3302 206.562 473.555 4401.381
3303 187.119 475.960 4402.504
3304 290.404 478.332 4401.674
3305 313.364 476.693 4401.659
3306 300.431 471.549 4401.576
3307 287.285 462.835 4401.709
3308 518.383 -362.275 4411.828
3309 469.086 -332.861 4411.526
3310 495.100 -347.925 4411.316
3311 456.027 -340.461 4411.818
3312 495.156 -377.792 4411.452
3313 417.523 -452.900 4414.137
3314 521.026 -302.856 4409.258
3315 520.991 -332.896 4410.511
3316 417.677 -394.321 4412.250
3317 469.169 -362.891 4411.197
3318 494.467 -317.898 4410.943
3319 404.027 -370.395 4411.843
3320 479.148 193.742 4401.079
3321 404.237 -385.425 4412.068
3322 417.182 236.773 4400.647
3323 -49.426 386.323 4395.548
3324 441.755 222.628 4400.692
3325 430.147 229.411 4400.173
3326 456.122 244.349 4400.327
3327 339.357 461.787 4404.153
3328 441.214 237.809 4401.285
3329 313.231 417.851 4401.456
3330 315.541 461.361 4402.126
3331 391.066 311.685 4400.970
3332 339.752 341.722 4400.817
3333 222.300 438.798 4403.418
3334 495.710 -78.027 4402.768
3335 -219.371 123.644 4396.663
3336 327.657 336.318 4401.218
3337 368.156 311.878 4400.829
3338 391.484 327.877 4402.809
3339 238.700 417.670 4400.200
3340 196.321 410.259 4400.779
3341 211.793 459.802 4402.173
3342 352.749 -268.049 4409.880
3343 222.500 -445.366 4412.732
3344 196.356 424.031 4400.910
3345 248.303 439.354 4402.405
3346 170.438 -550.396 4415.787
3347 222.055 424.912 4401.710
3348 235.395 431.824 4401.774
3349 378.092 -344.127 4411.698
3350 371.066 -347.095 4411.599
3351 131.331 -588.223 4418.259
3352 364.523 -332.023 4411.684
3353 157.419 -574.380 4416.896
3354 156.862 -603.776 4417.906
3355 287.250 -497.804 4414.815
3356 -219.219 109.424 4396.288
3357 209.896 -453.094 4412.899
3358 248.419 -310.376 4411.527
3359 469.196 -183.120 4406.762
3360 248.351 -325.538 4411.556
3361 479.183 -168.855 4405.970
3362 469.520 -168.005 4406.136
3363 339.197 -362.975 4411.818
3364 508.600 -146.071 4405.130
3365 235.333 -302.911 4412.071
3366 482.252 -160.392 4405.940
3367 298.141 -296.498 4412.681
3368 235.306 -287.939 4412.030
3369 222.524 -295.443 4412.746
3370 -128.245 221.940 4395.200
3371 534.065 -145.383 4404.608
3372 -37.429 198.108 4395.625
3373 -400.616 -129.113 4395.971
3374 -141.285 215.913 4394.744
3375 -74.103 266.599 4395.201
3376 -180.181 161.913 4396.842
3377 183.501 -557.963 4416.368
3378 -167.337 139.347 4398.028
3379 209.345 -572.877 4415.943
3380 495.316 -168.077 4405.932
3381 -102.375 146.906 4395.021
3382 287.332 -302.845 4411.546
3383 534.115 -130.436 4404.553
3384 274.300 -265.518 4410.427
3385 261.358 -272.850 4410.756
3386 274.369 -280.738 4410.623
3387 521.032 -152.407 4404.804
3388 235.328 -333.941 4411.718
3389 287.428 -288.577 4411.005
3390 400.967 -340.660 4411.503
3391 391.264 -332.995 4411.305
3392 287.555 -272.974 4410.321
3393 469.781 -152.900 4405.427
3394 248.387 -295.403 4411.346
3395 170.313 -490.790 4413.247
3396 160.616 -495.242 4413.115
3397 -141.418 109.420 4396.569
3398 144.490 -475.499 4412.557
3399 523.806 -137.924 4404.637
3400 170.484 -505.334 4413.846
3401 300.349 -236.478 4409.493
3402 391.213 -257.922 4409.233
3403 292.301 -422.648 4413.817
3404 -98.032 251.847 4395.055
3405 235.383 -557.859 4415.141
3406 222.381 -460.415 4413.359
3407 274.301 -235.517 4409.539
3408 183.510 -467.917 4413.123
3409 404.234 -250.487 4408.949
3410 352.123 -250.815 4409.844
3411 170.514 -475.338 4412.843
3412 -76.230 506.787 4398.467
3413 157.075 -465.907 4412.599
3414 131.579 -484.494 4413.724
3415 170.178 -461.234 4412.611
3416 170.340 -445.369 4412.287
3417 267.525 -228.171 4409.103
3418 -152.648 161.915 4396.247
3419 144.318 -458.833 4412.718
3420 -194.213 275.571 4395.579
3421 261.340 -318.032 4411.863
3422 -202.421 281.881 4394.468
3423 157.490 -452.884 4412.255
3424 -128.274 146.903 4397.734
3425 -219.117 140.318 4398.272
3426 -128.301 161.863 4397.171
3427 -232.083 131.849 4397.199
3428 -154.246 206.820 4395.196
3429 -154.214 176.860 4395.694
3430 -142.330 184.421 4395.903
3431 313.292 -362.071 4412.060
3432 373.254 -356.638 4411.907
3433 222.783 514.235 4402.050
3434 -245.217 139.300 4396.524
3435 -152.727 191.878 4395.834
3436 157.527 -483.268 4412.960
3437 364.989 -273.472 4410.023
3438 287.376 -377.448 4412.213
3439 300.274 -370.348 4412.343
3440 365.191 -302.983 4410.495
3441 378.206 -280.494 4409.844
3442 144.271 -490.655 4412.841
3443 157.700 -544.798 4415.173
3444 274.343 -251.569 4410.175
3445 151.280 -548.547 4415.083
3446 261.206 -332.895 4411.507
3447 287.566 -242.841 4410.061
3448 352.325 -235.445 4408.986
3449 391.596 -273.011 4409.464
3450 391.193 -287.971 4409.910
3451 300.342 -340.510 4411.688
3452 365.438 -258.664 4410.281
3453 299.000 -354.466 4411.823
3454 287.262 -362.878 4411.928
3455 272.762 -324.486 4412.002
3456 183.475 -587.839 4416.564
3457 274.373 -354.981 4411.751
3458 -72.218 386.777 4394.819
3459 261.392 -347.971 4411.493
3460 274.244 -400.423 4412.623
3461 235.491 -422.822 4412.658
3462 261.500 -407.850 4412.421
3463 248.366 -400.383 4412.360
3464 248.241 -415.327 4412.553
3465 235.367 -407.895 4412.352
3466 274.343 -415.443 4412.648
3467 287.286 -407.865 4412.872
3468 222.443 -415.258 4412.577
3469 261.332 -437.854 4413.814
3470 132.778 -468.346 4412.198
3471 273.812 -382.832 4412.201
3472 391.189 -303.757 4410.669
3473 209.447 -332.904 4411.968
3474 131.656 -498.609 4412.736
3475 222.455 -325.385 4411.840
3476 209.470 -302.944 4413.373
3477 -247.338 188.468 4396.010
3478 495.016 -138.117 4405.448
3479 508.096 -160.445 4405.541
3480 508.038 -129.279 4404.804
3481 378.167 -265.458 4409.611
3482 403.876 -296.176 4410.211
3483 222.407 -310.001 4411.925
3484 301.081 -415.283 4413.614
3485 2.832 521.558 4397.262
3486 300.325 -400.325 4412.547
3487 170.420 -520.346 4414.372
3488 352.235 -220.455 4408.952
3489 271.729 -225.966 4409.290
3490 287.328 -227.925 4409.146
3491 -178.708 176.946 4395.481
3492 155.264 -512.600 4413.736
3493 -76.438 251.879 4394.977
3494 157.346 -527.951 4414.304
3495 183.504 -497.814 4413.606
3496 157.478 -363.530 4411.800
3497 170.383 -325.384 4413.920
3498 132.557 -559.554 4416.172
3499 -102.418 461.693 4397.493
3500 157.839 -377.864 4411.502
3501 144.535 -370.440 4411.841
3502 119.451 -489.694 4412.158
3503 183.406 -317.851 4413.564
3504 183.448 -347.979 4412.108
3505 196.421 -325.882 4412.161
3506 261.317 -302.883 4411.503
3507 274.166 -310.658 4411.586
3508 274.384 -295.189 4411.166
3509 391.193 -317.819 4411.141
3510 509.416 -180.238 4405.929
3511 390.457 -348.655 4411.523
3512 131.622 -512.805 4413.246
3513 209.377 -467.822 4413.030
3514 183.740 -452.843 4412.551
3515 183.656 -483.021 4413.210
3516 391.134 -362.954 4411.810
3517 378.941 -325.392 4411.302
3518 183.372 -437.855 4412.366
3519 196.411 -476.359 4413.203
3520 175.314 -534.784 4414.923
3521 144.479 -505.816 4413.177
3522 196.343 -490.381 4413.708
3523 196.366 -355.403 4411.960
3524 183.510 -542.924 4415.717
3525 209.408 -542.788 4415.636
3526 158.322 -346.048 4413.309
3527 183.384 -332.853 4412.588
3528 157.544 -332.694 4414.172
3529 326.370 -235.378 4409.254
3530 196.447 -340.410 4412.013
3531 119.344 -505.246 4413.177
3532 482.050 -144.982 4405.187
3533 494.895 -152.605 4405.341
3534 339.184 -228.011 4408.951
3535 170.545 -340.376 4412.516
3536 210.975 -347.950 4411.825
3537 -167.553 169.583 4396.682
3538 -11.363 334.324 4399.510
3539 -206.216 222.033 4394.340
3540 -452.913 -130.450 4395.530
3541 82.031 -97.384 4398.276
3542 -440.057 -123.495 4396.175
3543 -180.142 146.895 4397.175
3544 -271.137 49.120 4393.912
3545 -388.129 -123.468 4396.627
3546 -425.637 -101.005 4396.717
3547 -141.311 336.932 4394.293
3548 -401.192 -115.914 4396.622
3549 -76.371 161.727 4395.586
3550 -170.923 214.830 4394.966
3551 -327.933 147.558 4395.161
3552 -22.202 266.893 4395.247
3553 -310.109 176.977 4393.988
3554 -277.426 185.414 4394.104
3555 -334.437 131.903 4393.519
3556 -258.123 181.852 4396.536
3557 14.498 227.472 4395.588
3558 -37.520 258.149 4395.066
3559 -279.823 146.653 4394.416
3560 -327.989 169.222 4394.186
3561 -129.562 189.409 4396.373
3562 -167.428 260.443 4395.130
3563 -25.694 341.783 4398.972
3564 -66.888 272.788 4395.273
3565 105.431 446.897 4399.008
3566 -92.549 229.434 4394.976
3567 -171.633 244.084 4394.111
3568 -143.525 248.704 4394.880
3569 -156.490 241.601 4394.988
3570 -13.385 409.341 4397.899
3571 -37.331 349.311 4398.332
3572 -151.214 251.576 4394.803
3573 -11.436 349.355 4399.934
3574 -152.007 222.386 4395.537
3575 -228.434 236.990 4394.328
3576 82.107 356.800 4399.546
3577 -126.477 251.829 4395.265
3578 -167.228 124.407 4396.817
3579 -63.396 243.020 4395.248
3580 -221.370 203.248 4394.588
3581 -233.857 196.011 4395.370
3582 -89.377 304.310 4397.269
3583 -180.151 236.346 4394.098
3584 -306.367 161.908 4394.127
3585 -89.134 156.061 4395.600
3586 -249.352 199.483 4394.351
3587 57.914 221.412 4400.499
3588 -273.445 173.577 4395.904
3589 -400.993 -100.683 4396.876
3590 131.314 431.758 4399.519
3591 -258.141 206.820 4394.318
3592 -411.832 -93.571 4397.064
3593 -462.368 -123.044 4396.604
3594 -63.283 333.972 4396.867
3595 79.491 416.822 4400.049
3596 90.932 422.098 4399.686
3597 -50.443 341.802 4397.662
3598 -169.448 184.341 4395.415
3599 79.515 236.858 4399.370
3600 68.172 230.196 4399.051
3601 -24.579 401.907 4397.497
3602 -451.470 -116.402 4396.577
3603 118.331 455.357 4399.107
3604 107.675 461.609 4398.442
3605 54.677 431.690 4398.423
3606 92.314 452.472 4397.836
3607 53.380 446.648 4398.369
3608 79.325 462.406 4398.796
3609 90.392 469.238 4398.508
3610 -24.406 356.875 4399.810
3611 -37.068 379.254 4397.477
3612 -76.279 311.846 4396.386
3613 -63.368 304.397 4398.113
3614 -76.235 297.727 4397.412
3615 -228.672 266.884 4394.558
3616 -48.884 161.917 4398.562
3617 -193.067 307.467 4393.914
3618 -232.211 251.956 4394.697
3619 -167.630 322.486 4394.438
3620 -196.874 199.408 4394.894
3621 -97.399 296.799 4395.683
3622 27.386 207.024 4398.441
3623 14.403 200.556 4398.742
3624 1.653 191.734 4399.025
3625 -89.294 139.432 4397.277
3626 -102.267 236.861 4395.113
3627 -76.175 146.714 4397.831
3628 -99.423 221.724 4394.774
3629 -63.778 154.536 4398.116
3630 -48.827 252.758 4395.120
3631 -24.035 176.887 4398.042
3632 -11.621 184.369 4398.535
3633 -37.361 169.333 4397.784
3634 -128.312 176.885 4397.328
3635 -179.692 251.827 4394.456
3636 -180.146 281.867 4394.811
3637 -232.201 222.832 4394.399
3638 -206.271 266.950 4394.933
3639 -246.975 245.216 4395.211
3640 -206.177 161.817 4397.178
3641 -193.208 154.377 4398.262
3642 -154.236 326.931 4394.816
3643 -193.119 124.404 4396.139
3644 -232.148 116.857 4397.380
3645 -115.412 350.191 4395.144
3646 -206.256 146.938 4398.272
3647 30.104 -127.524 4397.253
3648 -206.175 176.901 4396.336
3649 -193.238 139.365 4397.076
3650 -232.258 101.930 4396.017
3651 -63.408 380.922 4395.709
3652 -231.753 146.833 4396.086
3653 -205.621 131.869 4396.861
3654 -37.548 399.324 4395.708
3656 -245.325 154.412 4397.114
3657 -256.767 161.798 4396.408
3658 -115.062 182.344 4395.577
3659 -110.724 260.380 4396.714
3660 -274.268 153.028 4394.112
3661 -116.308 267.982 4395.421
3662 -115.608 154.913 4397.498
3663 -219.229 169.349 4396.975
3664 -206.291 116.937 4396.189
3665 -100.042 131.853 4396.967
3666 -115.311 139.451 4398.177
3667 79.413 401.831 4400.041
3668 -414.104 -108.446 4396.675
3669 143.588 439.355 4399.860
3670 -102.312 341.965 4394.782
3671 160.825 401.766 4399.243
3672 -466.086 -108.417 4396.595
3673 -466.229 -137.233 4396.030
3674 169.644 404.835 4399.969
3675 105.681 431.752 4399.441
3676 170.413 394.424 4399.034
3677 -453.043 -100.927 4396.754
3678 -76.169 169.798 4395.804
3679 -180.187 131.931 4396.929
3680 -167.199 154.363 4397.119
3681 40.593 215.099 4398.306
3682 -180.050 190.211 4394.787
3683 -154.233 146.873 4396.889
3684 -141.308 154.328 4396.594
3685 -193.234 169.333 4396.352
3686 -63.490 260.257 4395.252
3687 -202.936 191.876 4394.847
3688 -63.300 171.340 4395.364
3689 -167.363 200.277 4394.978
3690 -193.267 185.241 4395.149
3691 116.074 398.943 4400.452
3692 -219.245 154.373 4397.051
3693 -49.165 371.828 4396.900
3694 106.324 400.704 4400.468
3695 131.382 443.733 4399.360
3696 141.555 413.004 4400.146
3697 131.205 406.046 4400.368
3698 120.525 439.497 4399.425
3699 159.734 430.371 4400.132
3700 -172.389 274.006 4394.617
3701 -176.765 266.919 4394.561
3702 -171.293 304.390 4394.649
3703 -141.402 168.890 4396.441
3704 -176.752 296.827 4394.569
3705 14.667 217.601 4395.492
3706 -198.455 259.339 4394.611
3707 4.632 221.809 4395.433
3708 -298.669 166.089 4393.878
3709 -11.451 272.803 4395.240
3710 -11.489 261.223 4395.259
3711 3.220 281.823 4395.244
3712 27.594 221.839 4395.514
3713 -299.979 184.820 4394.577
3714 -99.713 311.858 4395.995
3715 92.145 243.654 4399.583
3716 -327.823 154.414 4394.784
3717 105.530 251.845 4398.596
3718 1.550 267.378 4395.283
3719 339.282 383.187 4401.309
3720 -231.401 280.387 4394.338
3721 -248.029 214.881 4394.423
3722 -219.897 291.898 4394.253
3723 365.014 385.166 4401.417
3724 -101.939 195.662 4396.836
3725 338.530 371.900 4400.854
3726 -205.699 295.934 4393.976
3727 337.398 417.980 4402.117
3728 -256.012 131.645 4395.104
3729 -453.074 -10.940 4399.070
3730 -197.281 289.423 4394.488
3731 -180.298 312.105 4393.992
3732 -242.284 277.790 4394.381
3733 -76.407 191.844 4396.182
3734 -63.294 199.864 4396.046
3735 -312.005 150.957 4394.290
3736 -50.271 206.782 4396.118
3737 -49.278 221.897 4396.582
3738 -76.352 221.763 4395.359
3739 66.131 426.308 4398.708
3740 113.094 410.766 4399.602
3741 -100.029 273.645 4397.122
3742 -227.997 206.950 4394.609
3743 -91.627 259.398 4395.207
3744 -90.862 278.987 4397.627
3745 -115.283 124.316 4399.524
3746 14.685 304.392 4397.099
3747 132.862 372.893 4398.951
3748 -141.255 124.338 4397.298
3749 145.911 381.097 4398.976
3750 -127.275 270.174 4395.378
3751 -271.121 109.286 4393.752
3752 -144.218 259.405 4394.989
3753 79.387 431.764 4398.962
3755 -145.552 229.466 4395.124
3756 -202.226 250.989 4394.504
3757 -193.232 244.420 4394.475
3758 -168.993 94.287 4395.968
3759 -115.260 302.026 4395.135
3760 -276.391 124.346 4394.090
3761 -253.062 112.032 4394.709
3762 -223.333 244.395 4394.478
3763 -223.928 274.117 4394.420
3764 -245.379 107.968 4394.928
3765 -78.024 286.287 4398.252
3766 -280.859 176.956 4395.008
3767 -248.421 259.351 4395.224
3768 -244.507 98.154 4394.376
3769 -65.719 293.874 4398.100
3770 -24.427 221.816 4396.618
3771 -219.896 260.069 4395.371
3772 -10.994 231.221 4396.939
3773 1.455 206.761 4395.381
3774 -22.508 206.893 4395.430
3775 -37.517 227.422 4396.523
3776 -37.568 215.221 4395.749
3777 -89.424 167.240 4395.666
3778 -154.281 101.849 4396.681
3779 -219.658 94.222 4396.454
3780 -128.361 116.813 4397.565
3781 -141.280 139.381 4396.595
3782 -230.673 86.906 4396.057
3783 -205.520 72.334 4396.189
3784 -128.000 281.859 4394.791
3785 156.775 507.376 4402.233
3786 -177.445 226.323 4394.775
3787 -200.116 230.378 4394.015
3788 80.148 446.662 4399.676
3789 -226.174 215.068 4394.176
3790 -362.126 11.592 4396.361
3791 105.273 417.776 4399.234
3792 65.618 439.230 4398.792
3793 -101.521 281.742 4395.099
3794 -90.995 289.375 4395.552
3795 -220.933 184.441 4396.002
3796 92.531 439.366 4399.019
3797 314.883 388.362 4401.623
3798 -245.262 169.281 4396.809
3799 325.595 377.448 4400.969
3800 315.563 373.610 4402.959
3801 -203.393 210.900 4394.798
3802 -89.530 319.259 4396.495
3803 -231.997 176.958 4397.006
3804 -179.785 116.804 4396.323
3805 -258.139 146.807 4394.897
3806 92.479 409.919 4399.251
3807 -176.435 206.850 4394.626
3808 -257.549 115.889 4394.485
3809 106.127 552.190 4402.807
3810 -204.414 54.283 4398.105
3811 1.710 416.705 4398.039
3812 -114.644 108.187 4398.816
3813 170.338 19.678 4398.297
3814 53.400 522.287 4401.074
3815 -195.757 218.572 4394.666
3816 -141.279 199.189 4395.760
3817 -244.009 124.364 4395.960
3818 -127.149 206.645 4396.186
3819 -154.291 116.789 4396.393
3820 323.171 397.412 4400.969
3821 157.301 326.885 4398.637
3822 300.134 393.958 4401.766
3823 118.974 347.482 4398.832
3824 182.779 536.953 4403.459
3825 316.492 401.765 4400.917
3826 370.469 405.629 4402.038
3827 311.688 356.793 4403.201
3828 -218.795 229.383 4393.957
3829 323.912 364.578 4401.039
3830 297.468 365.219 4401.583
3831 144.501 320.316 4398.938
3832 118.343 334.758 4398.875
3833 144.475 485.231 4401.762
3834 -154.187 131.986 4396.947
3835 157.288 566.814 4403.569
3836 -74.405 206.803 4395.513
3837 -64.786 214.309 4395.700
3838 -258.474 192.359 4393.814
3839 -128.250 243.747 4394.982
3840 105.341 567.360 4406.269
3841 170.559 543.471 4403.222
3842 -102.741 536.218 4401.622
3843 131.227 581.850 4403.269
3844 -279.668 236.481 4394.871
3845 -286.324 165.892 4394.810
3846 -193.233 109.408 4396.396
3847 -180.189 101.805 4396.646
3848 -220.232 64.160 4396.236
3849 -167.278 109.419 4396.824
3850 -307.921 135.619 4393.881
3851 -193.295 94.449 4396.625
3852 -179.068 86.778 4395.864
3853 326.210 409.411 4400.871
3854 -126.083 295.491 4395.547
3855 -232.194 71.854 4396.309
3856 -115.329 288.760 4394.758
3857 -299.302 158.245 4394.220
3858 -102.604 551.222 4402.183
3859 -25.008 489.648 4396.294
3860 -206.249 86.870 4396.363
3861 -205.850 101.800 4396.617
3862 -194.035 77.915 4395.692
3863 -89.538 424.099 4397.101
3864 -37.418 186.263 4395.302
3865 -63.334 182.285 4395.407
3866 -47.914 191.812 4395.360
3867 -50.444 176.674 4395.114
3868 -169.424 233.676 4394.584
3869 -115.759 498.730 4400.680
3870 183.358 551.865 4402.678
3871 -11.494 203.895 4395.346
3872 -24.514 191.782 4395.591
3873 -219.408 303.697 4394.934
3874 -245.661 318.448 4395.514
3875 352.228 379.296 4400.771
3876 352.096 409.260 4401.211
3877 -219.742 319.670 4396.099
3878 -230.616 296.307 4394.843
3879 26.614 399.168 4400.735
3880 338.223 404.463 4401.738
3881 -256.652 311.532 4395.542
3882 -206.017 236.343 4394.278
3883 -258.353 326.583 4396.079
3884 158.800 538.011 4404.609
3885 16.423 -137.810 4396.024
3886 -47.891 -174.796 4395.849
3887 -8.856 -152.388 4395.944
3888 4.021 -145.196 4395.933
3889 -34.701 -167.521 4395.799
3890 160.472 377.244 4399.028
3891 -21.956 -160.213 4395.686
3892 40.485 199.476 4400.097
3893 -60.790 -182.264 4395.803
3894 -178.838 69.634 4398.568
3895 -191.805 62.005 4398.347
3896 -194.356 19.396 4397.106
3897 -206.243 41.802 4397.977
3898 -63.687 558.829 4401.264
3899 -49.910 596.890 4402.312
3900 -218.958 498.789 4403.640
3901 -49.651 536.120 4398.767
3902 -50.429 521.610 4398.487
3903 -206.027 506.171 4403.813
3904 -22.223 506.655 4396.373
3905 -88.837 455.088 4397.452
3906 -11.609 514.043 4397.315
3907 -78.070 461.691 4397.633
3908 -115.421 439.188 4397.334
3909 -24.479 521.626 4397.989
3910 -76.689 611.253 4403.086
3911 -50.658 626.192 4403.644
3912 -50.503 507.510 4398.559
3913 -219.326 514.306 4404.119
3914 -50.543 491.643 4395.845
3915 -62.519 529.537 4398.909
3917 -37.717 558.757 4401.236
3918 -50.698 551.292 4401.213
3919 -50.694 566.234 4401.339
3920 -43.746 540.523 4399.130
3921 -89.689 528.723 4400.949
3922 -74.980 536.355 4400.261
3923 94.300 -90.277 4398.470
3924 -219.232 393.909 4399.372
3925 -24.175 161.454 4399.695
3926 -37.492 495.960 4395.814
3927 -297.244 256.396 4395.085
3928 -37.091 154.005 4399.490
3929 -11.226 169.192 4399.848
3930 14.535 184.411 4399.865
3931 -102.651 521.151 4400.877
3932 -271.461 241.092 4394.963
3933 133.686 -69.874 4396.825
3934 -271.298 231.158 4394.614
3935 1.556 176.903 4399.843
3936 157.490 491.854 4401.733
3937 79.433 176.972 4395.083
3938 14.544 544.249 4398.848
3939 144.420 470.504 4399.520
3940 157.285 478.281 4400.127
3941 170.454 485.640 4401.071
3942 182.963 493.300 4401.297
3943 170.406 470.161 4399.891
3944 127.640 100.663 4398.668
3945 168.783 499.016 4402.678
3946 208.622 535.593 4401.514
3947 209.267 521.810 4401.315
3948 104.728 146.517 4400.385
3949 196.304 529.230 4403.890
3950 1.426 447.118 4397.541
3951 -153.140 85.017 4398.629
3952 -50.472 461.627 4395.078
3953 16.071 488.067 4395.943
3954 -518.022 -18.458 4397.656
3955 56.066 -112.421 4397.914
3956 27.476 446.773 4398.611
3957 43.098 -120.136 4397.427
3958 -140.287 92.868 4398.659
3959 -11.355 500.772 4396.577
3960 -127.586 100.540 4398.745
3961 8.510 455.135 4397.355
3962 71.287 -104.249 4400.327
3963 -257.786 416.152 4401.690
3964 29.807 477.411 4397.095
3965 85.795 -108.954 4398.226
3966 14.590 425.557 4398.038
3967 47.771 -130.339 4397.648
3968 4.803 491.698 4396.625
3969 -86.567 -172.377 4396.238
3970 -148.908 -67.364 4395.056
3971 -154.153 -62.644 4394.944
3972 -144.229 -65.860 4394.692
3973 -94.943 -180.432 4396.343
3974 -47.248 402.110 4394.663
3975 -25.799 431.241 4394.972
3976 -102.339 401.674 4396.771
3977 13.159 514.226 4398.212
3978 -60.493 501.700 4398.870
3979 -89.371 409.354 4396.690
3980 -50.171 431.392 4394.832
3981 -76.698 521.269 4400.301
3982 -11.297 529.628 4398.181
3983 -63.576 423.858 4396.852
3984 -89.477 439.103 4397.434
3985 -63.436 453.414 4397.038
3986 -591.707 -42.730 4396.488
3987 -51.137 447.167 4396.280
3988 -102.317 431.686 4397.382
3989 -63.479 484.189 4396.315
3990 -75.823 446.715 4397.762
3991 -68.635 441.898 4397.569
3992 -89.503 469.168 4397.699
3993 -76.354 476.602 4397.674
3994 -61.232 470.075 4395.902
3995 31.192 506.284 4397.913
3996 -488.719 339.458 4407.622
3997 146.901 -61.870 4396.052
3998 40.652 543.672 4399.933
3999 108.358 -84.815 4396.115
4000 27.677 550.864 4399.690
4001 53.814 476.711 4396.770
4002 53.546 491.741 4398.124
4003 158.812 369.011 4399.004
4004 183.097 385.347 4400.547
4005 156.598 386.372 4398.896
4006 27.522 566.229 4401.241
4007 27.807 536.663 4398.978
4008 -206.320 326.517 4395.372
4009 40.276 486.624 4396.257
4010 -203.290 311.268 4394.847
4011 -427.065 169.019 4396.902
4012 -461.732 191.757 4399.869
4013 -128.402 506.720 4401.425
4014 -309.631 385.954 4402.150
4015 -115.741 512.981 4401.121
4016 14.408 529.158 4398.372
4017 -454.002 198.929 4400.218
4018 -453.061 229.061 4400.029
4019 -439.737 236.564 4399.640
4020 62.375 469.283 4397.606
4021 -310.181 372.413 4401.547
4022 209.218 596.834 4402.097
4023 53.452 536.823 4400.166
4024 -386.407 237.042 4398.531
4025 184.827 504.617 4404.888
4026 184.302 584.965 4402.317
4027 181.971 523.232 4404.188
4028 210.542 566.820 4402.232
4029 66.388 528.583 4400.643
4030 144.482 511.962 4403.425
4031 168.229 515.196 4403.291
4032 -362.147 206.790 4396.444
4033 53.486 509.443 4399.340
4034 27.494 191.958 4400.037
4035 -189.304 6.663 4395.427
4036 81.842 475.707 4398.093
4037 -165.974 77.232 4398.658
4038 53.476 206.938 4398.963
4039 65.193 212.928 4400.709
4040 69.805 196.140 4396.166
4041 77.713 191.766 4399.405
4042 91.932 169.645 4398.913
4043 -63.460 394.081 4394.532
4044 120.954 -77.110 4396.110
4045 -75.754 -185.570 4395.965
4046 170.381 529.031 4403.646
4047 -88.534 -190.841 4396.320
4048 -50.152 416.626 4394.619
4049 144.257 454.389 4398.779
4050 -415.831 386.535 4405.539
4051 131.228 462.334 4397.275
4052 179.365 -4.258 4395.549
4053 157.451 597.745 4402.251
4054 63.034 484.723 4396.846
4055 144.582 64.345 4396.194
4056 196.302 514.338 4403.754
4057 66.472 499.248 4400.685
4058 172.799 -47.045 4396.075
4059 162.023 35.599 4395.452
4060 185.663 -40.856 4396.242
4061 -208.101 536.691 4404.445
4062 -76.693 551.253 4401.017
4063 105.388 480.009 4397.253
4064 -505.016 -55.855 4397.474
4065 -322.196 409.793 4404.140
4066 -152.800 341.454 4394.967
4067 -362.163 416.686 4405.287
4068 -309.953 446.562 4404.159
4069 -297.352 379.475 4401.323
4070 -297.052 393.571 4402.271
4071 -63.618 544.093 4400.480
4072 -195.926 512.200 4403.646
4073 94.447 155.010 4395.367
4074 -101.735 115.875 4398.948
4075 131.222 86.912 4396.162
4076 -303.553 414.541 4403.393
4077 116.294 110.378 4395.815
4078 116.999 123.714 4400.355
4079 40.005 454.266 4398.586
4080 40.499 469.991 4397.678
4081 -88.827 123.509 4398.990
4082 55.557 461.679 4397.765
4083 103.064 131.863 4395.934
4084 -75.845 131.195 4399.136
4085 -128.349 521.640 4401.912
4086 -141.416 514.187 4401.675
4087 -257.820 475.944 4403.923
4088 79.444 551.750 4401.038
4089 80.222 510.298 4399.584
4090 -271.265 469.225 4404.549
4091 -115.620 543.151 4401.937
4092 -115.624 528.754 4401.864
4093 158.426 -55.384 4396.245
4094 -24.702 611.258 4402.690
4095 -128.385 536.676 4402.113
4096 -255.532 461.768 4403.559
4098 13.095 558.880 4400.505
4099 40.611 529.783 4399.457
4100 -570.015 -48.425 4396.489
4101 38.221 514.954 4398.921
4102 36.346 503.912 4400.515
4103 144.339 302.855 4398.400
4104 131.597 312.113 4398.454
4105 157.223 296.858 4398.766
4106 144.693 292.061 4398.473
4107 104.636 310.630 4398.978
4108 131.433 291.141 4398.719
4109 508.443 230.430 4401.314
4110 -595.954 -18.401 4397.189
4111 -386.013 492.069 4407.171
4112 107.497 358.116 4398.769
4113 121.645 559.349 4402.923
4114 -531.026 -70.793 4396.943
4115 -544.013 -63.416 4396.306
4116 -595.876 -198.294 4396.007
4117 -553.417 -71.199 4396.394
4118 105.448 506.827 4400.806
4119 40.520 558.558 4401.121
4120 105.413 521.847 4402.188
4121 133.140 491.939 4401.824
4122 111.821 485.145 4398.518
4123 81.006 491.992 4398.538
4124 92.380 482.773 4397.399
4125 53.596 551.841 4400.697
4126 103.367 597.658 4403.466
4127 132.153 521.743 4403.947
4128 27.398 582.713 4403.129
4129 53.424 627.707 4404.943
4130 131.406 552.238 4402.794
4131 79.354 611.463 4403.858
4132 27.549 610.350 4404.820
4133 -336.219 491.956 4406.015
4134 -257.883 536.163 4405.373
4135 143.400 543.402 4403.539
4136 91.721 503.272 4399.114
4137 -141.366 544.235 4402.065
4138 66.443 514.250 4401.477
4139 -505.020 -25.985 4397.984
4140 -517.943 -63.379 4397.818
4141 -115.576 558.738 4402.518
4142 -505.003 -40.905 4397.569
4143 -517.950 -48.357 4397.692
4144 -102.618 596.234 4403.032
4145 -531.204 -56.496 4397.883
4146 -204.594 521.660 4403.809
4147 -517.974 -33.400 4397.578
4148 -128.509 611.659 4404.562
4149 -308.581 401.717 4402.900
4150 131.664 506.474 4404.021
4151 131.336 476.838 4398.176
4152 54.465 567.970 4402.076
4153 -280.115 56.433 4394.085
4154 118.383 472.271 4397.284
4155 77.749 582.779 4404.004
4156 53.544 590.435 4402.204
4157 107.202 491.812 4399.188
4158 131.308 611.846 4403.420
4159 143.600 499.409 4404.510
4160 235.386 71.964 4397.596
4161 -103.085 566.231 4402.377
4162 -128.568 551.703 4402.482
4163 -386.576 206.468 4396.495
4164 -427.203 214.007 4397.828
4165 -375.201 229.075 4396.721
4166 -453.472 213.877 4399.942
4167 -427.163 154.013 4396.936
4168 -335.614 -123.321 4394.091
4169 -400.633 214.029 4397.458
4170 -440.036 131.596 4397.668
4171 -415.123 204.477 4397.065
4172 -427.026 229.094 4399.580
4173 -440.116 221.571 4399.367
4174 -231.885 491.282 4403.427
4175 -232.237 506.710 4404.565
4176 -427.075 184.048 4396.810
4177 -76.651 581.292 4402.390
4178 -426.974 139.047 4396.668
4179 -453.075 139.077 4398.783
4180 -89.679 543.688 4401.578
4181 -287.413 416.727 4402.847
4182 1.236 566.245 4401.992
4183 -466.002 146.559 4400.105
4184 -11.701 558.802 4401.113
4185 -24.803 583.663 4402.293
4186 -452.947 124.098 4400.057
4187 -414.990 146.500 4396.846
4188 -362.123 -3.347 4400.437
4189 -219.249 469.159 4402.428
4190 -24.745 566.260 4401.954
4191 -414.122 161.513 4396.690
4192 -414.377 28.175 4401.511
4193 105.421 536.770 4402.577
4194 -376.924 -10.604 4404.508
4195 -375.169 242.058 4397.823
4196 -387.619 -3.294 4402.821
4197 -506.269 154.584 4401.682
4198 -322.918 -130.955 4393.021
4199 -336.842 -137.534 4392.661
4200 -570.269 146.927 4399.299
4201 -569.821 86.609 4397.159
4202 -309.373 -125.094 4394.222
4203 -594.359 100.686 4397.016
4204 -543.401 158.407 4400.792
4205 -530.780 79.753 4397.230
4206 -297.310 -130.843 4392.912
4207 -556.816 95.054 4397.012
4208 -624.159 89.004 4398.058
4209 -530.956 67.298 4397.578
4210 -622.098 116.991 4400.212
4211 -360.303 -17.649 4405.327
4212 -376.342 -145.343 4392.844
4213 -593.512 131.486 4399.642
4214 -596.085 162.375 4400.785
4215 -328.141 -41.091 4400.645
4216 -308.924 -140.594 4393.301
4217 -544.989 71.573 4396.462
4218 -219.368 333.797 4395.566
4219 -193.414 317.078 4394.329
4220 -230.033 326.969 4395.647
4221 -219.333 349.063 4396.686
4222 -414.096 176.552 4396.779
4223 -102.156 491.758 4398.675
4224 -89.465 499.162 4399.226
4225 -115.459 469.788 4398.370
4226 -77.814 490.081 4398.208
4227 -115.373 484.145 4399.508
4228 -102.737 507.137 4400.467
4229 -232.216 341.479 4396.489
4230 -89.929 484.224 4398.234
4231 -310.270 266.498 4395.513
4232 -542.960 -77.062 4396.293
4233 1.498 536.461 4398.355
4234 -63.022 138.671 4399.241
4235 -50.073 146.261 4399.297
4236 -284.229 251.371 4394.812
4237 -556.903 -55.949 4395.390
4238 183.228 401.792 4400.014
4239 118.513 514.186 4401.197
4240 -336.281 251.315 4396.202
4241 183.366 416.810 4401.124
4242 -206.301 -438.103 4398.797
4243 27.530 522.201 4398.615
4244 117.723 495.960 4400.169
4245 66.604 -280.639 4409.426
4246 -102.940 -498.638 4404.105
4247 158.183 -198.480 4405.711
4248 104.896 -514.895 4414.765
4249 196.453 51.717 4397.717
4250 -232.155 -33.312 4393.706
4251 -165.733 -30.353 4394.998
4252 365.287 -227.978 4409.273
4253 -166.270 -40.333 4394.467
4254 -545.339 86.503 4397.327
4255 364.828 145.880 4401.907
4256 144.395 529.252 4403.769
4257 -473.965 124.637 4399.556
4258 118.416 544.393 4402.485
4259 134.174 537.185 4403.895
4260 79.687 536.804 4401.537
4261 91.947 559.830 4404.225
4262 79.498 521.783 4399.590
4263 155.862 524.037 4402.729
4264 66.390 545.206 4400.610
4265 116.647 528.165 4403.003
4266 92.183 539.719 4402.105
4267 -193.351 529.207 4403.757
4268 92.458 512.756 4400.151
4269 92.478 529.293 4401.826
4270 66.490 559.139 4402.091
4271 -247.312 4.830 4396.398
4272 -505.024 199.911 4402.983
4273 -180.292 581.611 4404.768
4274 -518.873 358.675 4409.721
4275 -232.040 581.599 4405.479
4276 -154.384 566.746 4403.252
4277 -206.576 566.922 4405.877
4278 -154.347 596.692 4404.674
4279 -466.023 326.460 4404.710
4280 -440.119 371.431 4406.462
4281 -492.090 311.434 4405.649
4282 -284.268 -78.317 4396.288
4283 -128.581 582.804 4403.700
4284 -270.848 -85.891 4395.633
4285 -271.082 -70.623 4395.372
4286 -154.331 446.338 4399.270
4287 -206.289 431.538 4400.574
4288 -232.259 461.723 4402.740
4289 -518.054 206.613 4403.285
4290 -232.465 431.588 4401.341
4291 172.851 35.083 4398.592
4292 -297.091 424.042 4403.546
4293 -258.277 -63.426 4393.991
4294 -245.160 439.217 4401.854
4295 -310.116 416.783 4403.630
4296 -568.979 -58.604 4396.100
4297 -531.014 -41.006 4397.672
4298 -530.968 -10.987 4397.557
4299 -543.963 -48.417 4397.984
4300 -531.015 -25.892 4397.440
4301 -543.994 -33.407 4397.338
4302 -544.074 -18.344 4397.248
4303 1.277 596.270 4403.038
4304 -360.946 506.906 4406.881
4305 -544.462 41.581 4397.675
4306 -531.031 34.065 4397.646
4307 -466.077 -18.454 4398.476
4308 -453.040 333.882 4403.592
4309 -245.299 333.968 4396.325
4310 -388.076 -93.445 4397.638
4311 -551.811 183.691 4404.975
4312 -375.129 -100.937 4397.742
4313 -401.179 64.015 4397.336
4314 -502.491 62.281 4398.026
4315 -248.324 481.610 4403.441
4316 -336.173 221.488 4395.804
4317 -361.997 221.486 4396.445
4318 1.222 626.301 4403.802
4319 -351.164 216.014 4396.245
4320 -152.725 371.492 4396.151
4321 -322.954 199.498 4395.387
4322 -38.881 425.930 4395.676
4323 -349.180 185.198 4394.798
4324 -130.043 367.964 4396.263
4325 -401.144 199.066 4396.845
4326 -142.515 348.723 4395.600
4327 -141.673 364.606 4396.400
4328 -204.340 341.662 4395.704
4329 -167.339 349.447 4395.918
4330 -141.482 377.876 4396.531
4331 -154.462 356.278 4395.725
4332 -284.236 281.500 4395.154
4333 -245.284 286.966 4394.492
4334 -297.517 288.444 4395.868
4335 -167.325 453.955 4400.129
4336 -259.725 266.372 4394.600
4337 -180.334 461.728 4400.992
4338 -280.820 266.451 4394.981
4339 -167.359 469.213 4400.827
4340 -167.283 441.185 4399.717
4341 -179.260 446.345 4400.331
4342 -247.960 408.328 4401.269
4343 -297.261 275.021 4395.585
4344 -543.997 11.485 4397.640
4345 -271.403 271.575 4394.988
4346 -245.343 393.900 4400.391
4347 -557.013 34.043 4397.559
4348 -556.947 71.042 4397.023
4349 -570.010 -153.544 4395.873
4350 -401.115 34.477 4399.231
4351 -453.711 246.270 4400.302
4352 -479.173 -10.974 4398.466
4353 -478.932 4.116 4398.612
4354 -401.188 -25.082 4401.926
4355 -467.024 12.445 4398.622
4356 -492.009 -3.463 4397.980
4357 -271.265 79.027 4393.554
4358 -324.357 -146.980 4392.624
4359 -179.672 -5.339 4394.667
4360 -283.778 -33.487 4395.329
4361 -374.732 -72.341 4399.222
4362 274.423 94.749 4399.519
4363 -375.100 4.133 4399.838
4364 -375.012 19.080 4396.449
4365 300.548 109.658 4401.715
4366 -414.084 -33.374 4399.253
4367 325.923 123.468 4401.403
4368 -219.424 -38.237 4393.803
4369 -556.076 73.696 4396.534
4370 -569.951 26.596 4397.487
4371 -414.050 41.564 4400.023
4372 -557.013 4.040 4397.192
4373 -481.071 63.918 4399.513
4374 -468.174 56.412 4399.943
4375 -466.068 42.424 4403.195
4376 -388.193 12.470 4400.197
4377 -466.091 71.515 4399.651
4378 -177.927 -16.308 4394.406
4379 -206.289 -33.490 4393.901
4380 -440.197 57.314 4402.132
4381 -605.011 -37.157 4396.640
4382 -453.108 64.853 4399.830
4383 -479.142 80.872 4400.227
4384 -427.123 64.134 4400.246
4385 -386.371 26.544 4397.756
4386 -435.831 325.385 4403.417
4387 -414.208 101.562 4397.930
4388 -414.121 71.617 4398.765
4389 -570.019 41.537 4397.512
4390 -439.043 309.447 4402.794
4391 -466.338 357.717 4406.644
4392 -427.057 79.048 4399.613
4393 -414.105 86.622 4398.486
4394 -439.695 71.910 4399.963
4395 -440.152 86.411 4398.996
4396 -452.659 82.105 4399.688
4397 -359.483 -138.598 4393.082
4398 -621.679 26.453 4395.995
4399 -429.237 -29.556 4398.715
4400 -413.951 -18.813 4401.816
4401 -37.687 407.111 4395.369
4402 -466.020 -3.409 4399.091
4403 -569.914 11.546 4397.242
4404 -401.085 -40.918 4399.189
4406 -621.918 -3.416 4397.493
4407 -388.211 -18.499 4405.395
4408 -620.255 -29.328 4396.310
4409 -595.884 11.569 4397.389
4410 -530.405 189.324 4404.474
4411 -230.221 -4.260 4397.189
4412 -453.077 4.046 4400.261
4413 -519.613 162.780 4401.854
4414 -427.136 -55.929 4397.794
4415 -465.945 176.569 4400.603
4416 -232.460 -20.546 4396.386
4417 -452.949 154.058 4397.447
4418 -245.967 -10.068 4396.437
4419 -453.027 169.046 4398.237
4420 -478.944 169.052 4402.378
4421 -453.015 -25.916 4398.887
4422 -542.695 192.474 4403.988
4423 -401.052 154.473 4396.837
4424 -517.936 131.527 4401.305
4425 -491.953 -18.531 4398.286
4426 -310.320 -18.417 4396.221
4427 -504.970 19.058 4397.773
4428 -232.257 356.412 4397.150
4429 -492.288 26.615 4398.605
4430 -492.519 11.486 4398.413
4431 -557.075 19.094 4397.601
4432 -544.016 26.580 4397.461
4433 -466.131 -33.423 4398.293
4434 -504.976 4.039 4397.624
4435 -504.922 -10.979 4397.936
4436 -364.192 146.287 4394.206
4437 -334.611 206.481 4394.526
4438 -348.941 96.530 4394.778
4439 -427.121 49.054 4401.419
4440 -569.363 201.413 4403.602
4441 -427.075 19.007 4405.968
4442 -595.344 -79.025 4391.515
4443 -530.738 199.460 4403.612
4444 -492.029 -78.381 4397.137
4445 -504.994 -85.892 4396.966
4446 -417.105 264.376 4401.749
4447 -453.125 -40.994 4398.227
4448 -427.046 259.022 4400.947
4449 -440.063 -48.440 4398.037
4450 -479.133 243.967 4401.070
4451 -466.855 317.421 4403.248
4452 -504.966 229.024 4401.872
4453 -466.441 296.172 4402.704
4454 -493.303 233.876 4401.758
4455 -464.715 281.996 4402.206
4456 -465.635 253.080 4400.444
4457 -453.019 303.002 4403.371
4458 -115.510 394.223 4396.679
4459 1.525 509.935 4395.725
4460 -478.943 304.250 4402.401
4461 -565.450 -140.528 4395.810
4462 -284.239 41.479 4394.010
4463 -271.608 33.923 4393.760
4464 -324.219 -26.050 4397.551
4465 -451.351 318.863 4403.145
4466 -323.189 33.988 4394.874
4467 -244.980 -26.094 4393.415
4468 -338.347 -16.397 4397.708
4469 -349.453 -10.456 4399.017
4470 -336.168 41.727 4394.372
4471 -258.344 -2.634 4393.965
4472 -258.301 11.507 4394.023
4473 -153.475 -51.081 4396.862
4474 -438.356 146.549 4397.164
4475 -360.455 101.696 4394.608
4476 -427.654 -130.273 4396.258
4477 -543.119 148.983 4398.565
4478 -362.156 116.271 4394.916
4479 -388.097 116.461 4394.846
4480 -380.040 124.161 4394.685
4481 -388.015 -138.528 4393.280
4482 -438.476 -108.795 4396.639
4483 -413.300 -138.414 4394.208
4484 -452.981 109.592 4399.675
4485 -402.302 -145.707 4392.319
4486 -55.306 401.597 4394.863
4487 -414.124 -123.409 4396.481
4488 -375.262 111.911 4395.415
4489 -310.166 221.560 4394.805
4490 -492.008 41.527 4399.202
4491 -492.018 56.561 4398.713
4492 -492.047 101.591 4398.705
4493 -464.785 116.500 4400.604
4494 -479.259 48.996 4399.916
4495 -489.598 130.540 4399.412
4496 -479.021 108.977 4399.093
4497 -310.048 -47.264 4396.907
4498 -310.184 -33.400 4396.145
4499 -311.009 -63.508 4398.948
4500 -336.068 401.818 4403.954
4501 -542.938 117.037 4397.789
4502 -440.054 -18.409 4399.457
4503 -518.059 146.490 4400.418
4504 -558.598 109.035 4397.411
4505 -569.868 -213.350 4395.921
4506 509.401 80.284 4402.250
4507 416.986 177.969 4401.256
4508 -545.430 101.594 4397.098
4509 -556.968 124.401 4398.219
4510 327.263 49.177 4401.195
4511 482.072 216.279 4400.542
4512 -546.405 131.889 4398.254
4513 -347.279 -54.915 4401.901
4514 -465.901 101.577 4401.151
4515 455.758 201.703 4401.323
4516 -595.881 191.495 4402.279
4517 -297.251 -25.921 4395.877
4518 -193.020 454.450 4401.162
4519 -569.958 176.590 4401.638
4520 -491.902 221.202 4401.849
4521 -399.323 394.171 4407.301
4522 -206.185 476.697 4402.853
4523 -543.929 222.033 4403.926
4524 -232.201 446.733 4402.103
4525 -193.425 484.224 4402.602
4526 -502.899 184.384 4405.597
4527 -205.309 461.509 4401.938
4528 -375.134 333.972 4401.374
4529 -401.263 108.494 4397.249
4530 -388.012 86.663 4394.802
4531 -98.997 371.698 4394.506
4532 -258.252 251.577 4393.951
4533 -345.828 43.305 4394.968
4534 -372.359 33.708 4396.919
4535 -297.305 65.108 4394.383
4536 -337.655 116.511 4393.975
4537 -377.764 353.658 4402.338
4538 -388.087 71.474 4394.693
4539 -297.343 76.456 4394.155
4540 -322.575 378.348 4402.379
4541 -413.275 281.455 4401.097
4542 -193.362 348.674 4395.732
4543 -427.282 289.422 4401.434
4544 -335.644 370.865 4402.315
4545 -361.817 296.191 4399.833
4546 -284.091 371.387 4400.958
4547 -283.589 446.986 4404.104
4548 -282.576 385.821 4401.480
4549 -388.122 281.529 4400.365
4550 -270.848 453.908 4403.877
4551 -280.745 86.518 4393.801
4552 -401.183 318.974 4401.289
4553 -399.070 -86.015 4397.681
4554 -439.657 281.836 4401.228
4555 -413.081 245.524 4400.021
4556 -426.111 319.811 4402.932
4557 -271.308 93.952 4393.665
4558 -427.090 333.915 4403.323
4559 -422.497 327.465 4402.716
4560 -414.118 296.508 4401.328
4561 -570.374 -182.946 4396.035
4562 -540.809 -171.386 4396.171
4563 -504.979 94.009 4399.695
4564 -493.594 76.432 4398.954
4565 -594.076 -177.602 4395.685
4566 -544.030 311.436 4411.295
4567 -535.460 -94.780 4396.368
4568 -512.445 170.455 4404.951
4569 -569.635 266.408 4412.317
4570 -11.752 469.688 4397.395
4571 -439.701 266.449 4400.629
4572 -515.318 71.530 4397.310
4573 -543.967 281.558 4409.381
4574 -516.320 326.278 4408.606
4575 -492.113 116.518 4400.876
4576 -336.141 176.517 4393.515
4577 -556.968 -40.951 4397.228
4578 -436.579 296.398 4401.862
4579 -556.960 -25.993 4397.346
4580 -491.960 86.500 4400.555
4582 -335.194 -32.802 4401.150
4583 -359.943 41.512 4394.694
4584 -440.050 251.481 4400.288
4585 -479.025 228.952 4401.655
4586 -465.162 236.747 4399.943
4587 -378.698 64.149 4394.673
4588 -349.094 38.217 4394.634
4589 -349.368 103.535 4394.049
4590 -351.139 78.904 4394.668
4591 -385.133 56.757 4395.386
4592 -115.182 379.257 4396.570
4593 -297.326 243.912 4395.327
4594 -258.269 296.494 4395.208
4595 -400.515 377.588 4404.787
4596 -388.156 400.881 4405.559
4597 -126.662 386.377 4397.091
4598 -375.196 409.251 4405.229
4599 -388.189 -47.596 4399.410
4600 -102.440 386.784 4396.477
4601 -310.243 311.406 4399.353
4602 -290.383 3.256 4395.764
4603 -11.548 482.509 4397.093
4604 -22.875 446.656 4396.780
4605 -323.401 -10.335 4396.371
4606 -544.029 -3.456 4397.445
4607 -362.090 56.075 4395.083
4608 -351.225 7.704 4396.261
4609 -569.938 -18.456 4397.010
4610 -556.914 -10.976 4397.281
4611 -336.159 -3.487 4396.208
4612 -323.223 -55.368 4401.028
4613 -343.333 -40.990 4403.791
4614 -427.001 244.041 4399.898
4615 -569.962 -3.490 4397.269
4616 -335.912 -48.612 4402.553
4617 -12.451 440.196 4397.560
4618 -375.061 214.092 4396.547
4619 -214.314 5.794 4396.800
4621 -348.519 363.689 4402.304
4622 -22.243 416.674 4397.161
4623 -219.222 -10.930 4396.222
4624 -206.087 -8.285 4395.881
4625 -297.304 -10.872 4396.290
4626 -284.230 -18.457 4395.921
4627 -440.089 -33.492 4398.745
4628 -358.340 131.536 4394.153
4629 -492.104 161.995 4405.785
4630 -401.021 138.996 4396.840
4631 -453.144 49.910 4403.463
4632 -375.248 80.512 4394.842
4633 -362.406 341.382 4401.487
4634 -362.067 86.559 4394.193
4635 -323.195 394.213 4403.234
4636 -336.171 386.720 4403.217
4637 -361.554 355.708 4402.109
4638 -501.111 108.972 4400.666
4639 -457.910 93.989 4400.141
4640 -442.207 44.402 4403.894
4641 -386.559 101.473 4394.816
4642 -479.223 93.978 4401.115
4643 -298.821 19.052 4395.366
4644 -282.372 7.483 4395.251
4645 -281.733 26.538 4394.539
4646 -379.125 363.565 4403.164
4647 -284.210 -48.338 4395.033
4648 -479.088 -55.970 4397.609
4649 -322.768 18.243 4395.306
4650 -465.999 -48.450 4398.042
4651 -297.363 35.186 4394.356
4652 -453.149 -55.952 4397.650
4653 -310.236 26.598 4395.153
4654 -271.245 -56.965 4394.376
4655 -504.964 -130.874 4396.474
4656 -180.378 371.279 4396.729
4657 -295.122 -69.913 4396.264
4658 -401.357 -55.174 4398.407
4659 -530.959 -130.883 4396.151
4660 -167.554 363.911 4396.512
4661 -178.481 326.410 4394.886
4662 -505.020 -115.872 4396.098
4663 -517.938 -123.492 4396.203
4664 -505.689 -149.304 4396.216
4665 -128.797 461.347 4398.372
4666 -518.052 -108.439 4396.255
4667 -427.437 -146.947 4392.763
4668 -490.678 -140.713 4396.018
4669 -193.095 -14.144 4394.476
4670 -169.928 333.456 4394.516
4671 -398.481 334.460 4401.888
4672 -439.945 341.436 4403.631
4673 -362.089 191.497 4395.033
4674 -297.215 227.143 4394.941
4675 -334.987 356.313 4401.102
4676 -414.033 342.470 4403.195
4677 -309.491 251.433 4395.678
4678 -271.419 423.202 4402.512
4679 -414.113 -48.374 4398.427
4680 -250.924 -34.232 4394.255
4681 -351.227 -72.468 4399.692
4682 -327.609 184.268 4394.000
4683 -284.045 192.028 4393.748
4684 -388.151 356.780 4402.879
4685 -414.131 356.524 4403.450
4686 -426.721 5.028 4404.897
4687 -11.520 424.247 4397.066
4688 -323.352 273.178 4396.880
4689 -50.490 476.624 4395.992
4690 -12.109 453.006 4396.996
4691 -427.085 -40.971 4398.544
4692 -37.585 466.156 4395.974
4693 -401.098 94.035 4397.087
4694 -21.859 476.631 4396.843
4695 -245.359 348.777 4397.016
4696 -193.446 334.238 4395.926
4697 1.459 476.216 4396.582
4698 -244.932 363.646 4398.873
4699 -257.043 356.112 4398.307
4700 -270.184 363.509 4399.230
4701 -362.148 252.904 4397.768
4702 -375.293 93.549 4394.904
4703 -403.572 78.938 4397.973
4704 -103.932 476.323 4398.432
4705 -401.112 125.391 4396.775
4706 -141.364 484.272 4400.928
4707 -257.773 341.301 4396.863
4708 -282.693 296.478 4396.550
4709 -167.548 484.245 4401.085
4710 -258.857 370.671 4399.148
4711 -180.332 489.785 4401.387
4712 -349.232 409.189 4404.301
4713 -154.476 491.674 4401.095
4714 -248.796 228.324 4393.857
4715 -141.287 468.919 4400.355
4716 -154.303 476.647 4400.649
4717 -153.982 461.467 4400.314
4718 -306.849 -82.479 4397.358
4719 -349.145 394.123 4404.328
4720 -595.059 76.941 4397.271
4721 -414.028 -3.580 4404.052
4722 -360.420 401.904 4404.613
4723 -151.157 521.863 4401.627
4724 -596.425 42.893 4396.824
4725 -167.393 499.672 4401.529
4726 -180.276 506.581 4402.527
4727 -437.583 176.002 4397.034
4728 -621.832 56.526 4397.133
4729 -427.238 199.025 4397.435
4730 -434.102 206.730 4398.061
4731 -154.466 506.689 4401.397
4732 -530.969 153.964 4400.528
4733 -399.550 228.864 4398.535
4734 -510.563 139.967 4401.414
4735 -128.332 416.615 4397.139
4736 -310.269 206.452 4394.072
4737 -336.265 431.634 4404.801
4738 -115.477 454.239 4397.459
4739 -115.767 364.223 4396.086
4740 -128.446 401.449 4396.764
4741 -91.177 379.540 4395.546
4742 -401.878 362.963 4403.949
4743 -245.351 304.416 4395.958
4744 -297.326 215.376 4394.877
4745 -388.049 371.680 4403.781
4746 30.941 494.569 4396.501
4747 -349.136 -25.987 4403.494
4748 -178.364 356.409 4396.155
4749 -338.981 -73.328 4400.876
4750 -287.752 221.365 4394.974
4751 -347.134 -85.022 4399.291
4752 -338.095 -93.300 4399.706
4753 -297.250 -100.908 4396.344
4754 -180.416 341.477 4394.982
4755 -336.146 -106.997 4400.074
4756 -530.951 110.284 4396.847
4757 -374.172 -25.011 4403.886
4758 -388.112 -78.443 4398.606
4759 -335.848 296.367 4399.497
4760 -126.762 356.355 4395.676
4761 -401.162 168.756 4396.602
4762 -344.959 376.335 4403.263
4763 -388.150 131.540 4396.069
4764 -322.638 364.568 4401.354
4765 -376.728 153.968 4396.102
4766 -271.348 303.732 4395.834
4767 -401.424 191.200 4396.643
4768 -375.193 199.008 4396.230
4769 -306.341 191.689 4394.008
4770 -349.144 198.984 4394.522
4771 -297.206 304.158 4396.918
4772 -466.003 386.501 4408.712
4773 -284.309 311.498 4396.623
4774 -193.395 408.790 4398.532
4775 -206.372 386.370 4398.191
4776 -193.447 378.901 4397.020
4777 -255.359 281.451 4394.948
4778 -400.359 183.495 4396.922
4779 -388.296 191.221 4396.652
4780 -206.127 401.311 4399.320
4781 -271.210 318.929 4396.908
4782 -297.393 196.371 4393.935
4783 -271.315 290.076 4395.763
4784 -206.383 356.463 4396.784
4785 -192.912 393.611 4398.284
4786 -193.241 364.034 4396.763
4787 -349.009 317.473 4400.307
4788 -297.218 318.941 4398.390
4789 -310.493 341.726 4400.722
4790 -154.422 536.589 4402.179
4791 -167.356 528.734 4402.482
4792 -362.207 326.418 4400.988
4793 -323.245 333.885 4400.735
4794 -180.340 552.320 4404.163
4795 -167.388 544.231 4403.062
4796 -177.951 537.593 4403.753
4797 -128.809 476.710 4399.601
4798 -130.637 488.366 4400.583
4799 -310.303 296.932 4398.282
4800 -231.955 522.047 4404.979
4801 -180.288 521.419 4403.476
4802 -297.314 -85.956 4396.998
4803 -77.570 402.596 4396.685
4804 -375.174 -85.849 4398.497
4805 -75.894 422.941 4397.239
4806 -141.481 438.787 4397.824
4807 -130.874 428.543 4397.592
4808 -77.548 431.886 4397.292
4809 -102.335 445.900 4397.207
4810 -349.118 125.179 4394.328
4811 -282.528 356.365 4399.766
4812 -336.225 341.353 4400.977
4813 -310.259 326.347 4399.759
4814 -323.259 349.086 4400.989
4815 -271.704 484.032 4404.878
4816 -323.151 318.867 4399.828
4817 -271.282 348.456 4399.163
4818 -141.381 499.179 4401.252
4819 -297.387 333.665 4399.527
4820 -349.222 334.973 4400.950
4821 -141.441 529.199 4401.686
4822 -336.235 326.474 4400.325
4823 14.435 468.186 4397.598
4824 -439.965 -152.384 4392.653
4825 -310.343 355.923 4401.163
4826 -336.091 101.449 4393.829
4827 -323.304 81.535 4394.283
4828 -309.865 86.095 4394.200
4829 -478.969 -145.987 4394.943
4830 -323.253 109.968 4394.810
4831 -440.209 -139.210 4396.056
4832 -492.038 -152.556 4395.037
4833 -306.802 101.460 4394.116
4834 -325.793 93.757 4394.109
4835 -457.029 -146.942 4394.277
4836 -332.791 86.426 4394.033
4837 -388.164 431.677 4406.193
4838 -491.937 372.410 4408.778
4839 -387.748 269.239 4400.108
4840 -24.717 551.202 4400.773
4841 -206.347 -18.343 4394.650
4842 -39.276 454.348 4396.100
4843 -414.223 -78.403 4397.712
4844 -401.208 348.987 4402.841
4845 15.098 502.302 4396.372
4846 -37.616 486.485 4396.156
4847 -387.343 340.411 4402.027
4848 -201.650 15.386 4396.641
4849 -219.313 -25.979 4393.939
4850 -38.489 528.122 4398.994
4851 -208.408 26.859 4396.728
4852 -569.876 -93.986 4391.553
4853 -504.297 244.012 4401.691
4854 -463.706 161.495 4399.990
4855 -351.159 -132.009 4394.334
4856 -439.719 -4.249 4401.344
4857 -520.534 195.503 4405.082
4858 -596.266 -108.535 4391.578
4859 -413.694 -288.025 4393.486
4860 378.361 287.155 4401.653
4861 -219.333 -234.264 4400.076
4862 -375.269 304.027 4399.876
4863 -180.367 416.339 4398.486
4864 -315.616 -106.697 4400.341
4865 -232.658 413.592 4400.293
4866 -504.921 34.074 4398.144
4867 -518.013 296.343 4406.610
4868 -246.179 -55.971 4394.342
4869 -232.751 -48.403 4394.061
4870 -519.385 266.438 4404.012
4871 -493.376 251.496 4402.092
4872 -547.347 252.498 4406.361
4873 -255.827 -46.913 4394.256
4874 -492.091 281.492 4403.008
4875 -295.524 -55.804 4395.585
4876 -556.898 -101.071 4391.553
4877 -230.471 401.470 4399.380
4878 -490.695 263.609 4402.444
4879 -401.171 -10.896 4403.949
4880 -543.961 -108.396 4395.792
4881 -167.446 514.140 4401.743
4882 -542.651 -183.505 4393.185
4883 -481.325 153.818 4403.615
4884 -0.857 331.032 4400.078
4885 -491.950 146.315 4401.953
4886 -466.254 130.961 4401.008
4887 -544.725 -114.618 4396.211
4888 -504.800 169.315 4406.334
4889 -543.950 -198.425 4392.104
4890 -621.449 -127.460 4391.555
4891 -478.487 140.028 4399.603
4892 -321.645 439.225 4404.520
4893 -297.395 454.244 4404.440
4894 -257.144 497.095 4405.155
4895 -323.085 469.055 4405.796
4896 -128.493 446.434 4397.483
4897 -362.160 431.040 4405.749
4898 -362.232 446.665 4406.065
4899 -375.060 424.580 4405.632
4900 -323.237 259.168 4395.818
4901 -518.068 11.548 4397.752
4902 -336.217 461.639 4405.449
4903 -336.057 446.606 4405.220
4904 -115.513 424.211 4397.284
4905 -310.208 507.461 4405.755
4906 -258.237 431.691 4402.033
4907 -193.256 469.105 4401.363
4908 -271.120 262.115 4394.915
4909 -245.282 454.225 4402.319
4910 -452.969 32.776 4405.025
4911 -253.183 406.238 4401.292
4912 -375.222 288.896 4400.256
4913 -271.688 394.540 4401.349
4914 -465.950 26.523 4401.174
4915 -362.248 266.581 4399.009
4916 -354.660 312.997 4400.310
4917 -180.293 476.675 4401.121
4918 -283.690 401.199 4402.327
4919 -141.322 423.907 4397.360
4920 -388.150 416.569 4405.915
4921 -141.532 408.956 4397.128
4922 -375.139 274.078 4399.568
4923 -388.538 462.103 4406.907
4924 -141.353 394.017 4396.849
4925 -154.441 416.451 4397.274
4926 -323.256 229.927 4395.315
4927 -360.847 476.548 4406.329
4929 -154.407 386.498 4396.408
4930 -479.098 -85.959 4397.171
4931 -453.101 -70.953 4397.363
4932 -466.050 -63.366 4397.361
4933 -453.083 -85.885 4396.953
4934 -245.165 499.172 4405.047
4935 -466.139 -78.386 4397.542
4936 -362.238 -78.358 4399.228
4937 -284.377 551.841 4405.980
4938 -479.011 -70.980 4397.157
4939 -491.670 -107.837 4396.188
4940 -283.931 71.614 4394.021
4941 -219.457 423.920 4400.389
4942 -311.019 536.715 4406.011
4943 -479.049 19.036 4399.146
4944 -505.014 124.017 4400.329
4945 -336.421 523.132 4406.592
4946 -440.138 161.546 4396.630
4947 -531.062 169.075 4402.821
4949 -312.163 461.775 4404.955
4950 -323.076 454.390 4405.059
4951 -349.400 155.403 4393.439
4952 -349.104 165.572 4393.679
4953 -310.137 282.000 4397.126
4954 -336.120 191.564 4393.700
4955 -439.495 114.913 4398.312
4956 -621.648 -93.787 4391.515
4957 -517.886 86.947 4397.017
4958 -414.097 371.409 4404.532
4959 -271.520 438.689 4403.633
4960 -284.163 432.198 4403.668
4961 -244.918 423.518 4401.469
4962 -212.719 34.293 4396.783
4963 -140.509 454.328 4397.771
4964 -33.571 516.843 4397.954
4965 -439.023 401.461 4406.471
4966 -428.071 367.552 4405.064
4967 -284.277 491.775 4404.991
4968 -271.221 -25.943 4395.432
4969 -428.089 348.941 4403.430
4970 -504.999 -70.946 4397.060
4971 -427.668 -71.280 4397.630
4972 -425.888 -10.001 4403.328
4973 -479.247 -26.709 4398.360
4974 -546.499 -73.232 4396.282
4975 -284.263 521.962 4405.469
4976 -532.011 -164.282 4396.294
4977 -283.466 -3.324 4395.825
4978 -258.204 -33.385 4394.675
4979 -518.018 54.700 4397.613
4980 -453.054 19.022 4401.985
4981 -479.108 -100.920 4396.456
4982 -427.210 378.991 4405.416
4983 -271.298 -4.141 4395.771
4984 -310.228 114.954 4393.964
4985 -440.251 23.549 4406.186
4986 -306.999 71.511 4394.227
4987 -466.089 -152.403 4392.706
4988 -271.205 -10.766 4395.597
4989 -336.069 56.762 4394.191
4990 2.349 431.635 4397.547
4991 -438.539 10.877 4404.650
4992 -434.328 356.660 4404.061
4993 14.528 440.352 4397.856
4994 -256.792 -18.416 4393.989
4995 -427.054 -115.902 4396.448
4996 -297.351 95.850 4394.038
4997 -258.289 446.679 4402.926
4998 -284.277 101.622 4393.805
4999 -24.605 461.605 4396.215
5000 -39.142 438.626 4396.076
5001 -297.107 109.290 4393.909
5002 -326.281 64.046 4394.391
5003 -531.068 -100.960 4396.467
5004 4.194 463.961 4396.694
5005 -533.034 -175.135 4392.842
5006 -466.077 416.776 4408.885
5007 -440.069 431.331 4408.264
5008 -465.997 86.864 4400.002
5009 -413.994 11.617 4405.055
5010 -516.633 -154.611 4396.229
5011 -401.075 4.116 4403.120
5012 -514.885 -163.010 4393.100
5013 -517.961 -138.421 4396.349
5014 -271.251 199.046 4393.761
5015 -257.800 221.456 4393.979
5016 -281.870 206.477 4394.594
5017 -270.115 379.328 4400.026
5018 -258.524 236.043 4394.281
5019 -401.041 19.087 4401.148
5020 -401.644 284.022 4401.194
5021 -388.183 251.622 4399.690
5022 -413.946 417.347 4406.653
5023 -152.862 401.518 4397.015
5024 264.081 221.062 4399.076
5025 -271.147 211.195 4393.966
5026 -400.638 274.417 4400.787
5027 -413.766 447.378 4407.206
5028 -388.247 296.461 4400.619
5029 -375.134 318.983 4400.663
5030 -596.026 -138.639 4391.546
5031 -323.185 288.949 4398.721
5032 -333.598 266.540 4397.416
5033 -507.925 -162.467 4392.824
5034 -518.016 41.444 4397.882
5035 -115.564 409.149 4396.873
5036 -349.247 439.189 4405.493
5037 -518.008 26.537 4397.734
5038 -232.264 371.450 4398.451
5039 -219.344 363.972 4397.040
5040 -492.157 177.807 4405.683
5041 -284.230 326.496 4398.136
5042 -336.365 310.594 4399.749
5043 -297.246 348.940 4400.123
5044 -349.157 304.023 4399.750
5045 -271.222 333.922 4397.547
5046 -427.078 -85.863 4396.586
5047 -258.089 386.273 4400.467
5048 -322.815 423.760 4404.117
5049 -323.325 303.929 4399.197
5050 -440.088 -78.479 4397.538
5051 -297.368 363.968 4401.239
5052 -414.164 -63.466 4397.751
5053 -377.727 375.339 4403.346
5054 -351.092 349.400 4401.425
5055 -387.470 326.484 4401.807
5056 -362.075 371.711 4403.301
5057 -362.129 387.557 4403.989
5058 -310.990 431.741 4404.010
5059 -374.726 -115.702 4397.097
5060 -387.678 387.256 4405.166
5061 -360.320 71.389 4395.151
5062 -546.263 -139.713 4396.132
5063 -323.143 -100.091 4401.048
5064 -323.234 -83.613 4399.074
5065 -349.132 64.024 4394.477
5066 -323.179 49.026 4394.289
5067 -377.035 -129.878 4396.418
5068 -477.245 -131.269 4396.280
5069 -362.333 -124.563 4396.609
5070 -336.164 71.497 4394.292
5071 -543.909 -123.431 4396.347
5072 -387.853 -108.212 4396.958
5073 -479.519 198.723 4401.266
5074 -167.225 408.621 4397.372
5075 -466.156 221.522 4401.800
5076 -479.310 280.345 4402.550
5077 -245.179 378.981 4399.852
5078 -556.927 -130.889 4396.030
5079 -543.884 -153.351 4396.092
5080 -478.763 288.117 4403.553
5081 -232.207 386.366 4399.444
5082 -453.052 184.025 4399.378
5083 -479.240 185.670 4401.940
5084 -531.052 -145.880 4396.019
5085 -375.156 140.048 4395.379
5086 -311.366 236.419 4395.285
5087 -309.036 -94.077 4397.793
5088 -180.286 400.643 4397.387
5089 -362.236 -34.142 4403.472
5090 -375.158 169.054 4396.166
5091 -180.480 431.340 4399.516
5092 -297.262 484.310 4405.124
5093 -296.482 469.564 4405.068
5094 -309.333 476.510 4405.298
5095 -362.135 -93.409 4398.187
5096 -440.122 101.518 4399.959
5097 -492.061 -63.383 4397.514
5098 -517.927 -78.439 4397.049
5099 -466.005 -93.401 4396.421
5100 -517.415 -92.219 4396.524
5101 -362.298 27.476 4395.374
5102 -257.165 24.227 4395.190
5103 -491.997 -48.432 4397.678
5104 -509.819 78.969 4396.996
5105 -492.157 -33.557 4397.462
5106 -528.767 -85.619 4396.605
5107 -531.004 -115.891 4396.039
5108 -479.096 -40.979 4398.238
5109 -219.357 378.930 4398.246
5110 -453.075 259.007 4400.557
5111 -570.005 237.379 4408.542
5112 -333.995 236.275 4395.593
5113 -482.288 34.240 4400.055
5114 -336.247 281.567 4398.653
5115 -303.556 41.671 4394.190
5116 -517.981 -3.557 4397.870
5117 -362.123 281.481 4399.905
5118 -218.953 409.409 4400.079
5119 -335.995 416.765 4404.407
5120 -349.124 274.149 4398.941
5121 -364.938 176.441 4395.523
5122 -387.155 176.521 4396.687
5123 -531.047 19.002 4397.755
5124 -20.228 535.173 4399.265
5125 -531.024 4.011 4397.809
5126 -401.134 -70.859 4398.259
5127 -193.296 424.695 4399.694
5128 -374.932 -43.215 4400.717
5129 -11.084 542.588 4399.957
5130 -336.438 -62.276 4402.797
5131 -375.278 -56.413 4399.408
5132 1.667 551.648 4400.155
5133 -349.121 -101.292 4398.052
5134 -154.391 431.354 4397.488
5135 -365.166 -50.772 4400.984
5136 -374.915 48.467 4396.120
5137 -284.199 341.254 4399.272
5138 -505.043 49.083 4398.115
5139 -270.350 13.525 4394.957
5140 -349.344 -144.739 4392.470
5141 -466.333 266.503 4401.738
5142 -297.849 45.098 4394.005
5143 -310.185 56.546 4394.660
5144 -440.161 -93.392 4396.572
5145 -453.331 290.046 4402.062
5146 -271.297 64.089 4393.514
5147 -270.976 408.447 4401.755
5148 -427.135 109.031 4398.612
5149 -479.149 259.007 4401.694
5150 -453.105 274.008 4401.273
5151 -219.319 484.234 4403.369
5152 -322.399 243.619 4395.797
5153 -245.252 469.151 4402.828
5154 -232.233 477.546 4402.977
5155 -259.506 566.812 4405.658
5156 -231.607 552.187 4405.136
5157 -245.432 514.845 4404.908
5158 -271.178 -40.451 4395.005
5159 -193.068 499.151 4403.603
5160 -375.118 394.190 4404.585
5161 -258.090 506.655 4405.145
5162 -205.869 491.739 4403.916
5163 -284.100 461.190 4404.262
5164 -388.083 311.626 4401.035
5165 -427.053 304.035 4402.171
5166 -272.565 499.234 4405.261
5167 -400.865 304.263 4401.449
5168 -349.273 288.554 4398.949
5169 -414.210 221.531 4398.782
5170 -413.236 308.034 4402.087
5171 -401.112 244.074 4399.930
5172 -401.231 258.151 4401.200
5173 -349.337 259.909 4398.130
5174 -478.007 -115.262 4396.524
5175 -349.254 229.059 4396.146
5176 -504.905 258.129 4402.708
5177 -322.794 -71.477 4400.444
5178 -414.123 236.564 4399.922
5179 -323.146 211.529 4394.379
5180 -280.569 -63.371 4394.283
5181 -102.300 416.836 4396.820
5182 -492.083 -123.404 4396.136
5183 -89.907 560.359 4401.907
5184 -206.184 371.394 4397.154
5185 -294.506 -115.912 4394.461
5186 -399.910 50.230 4398.860
5187 -386.385 -33.279 4400.477
5188 -386.793 221.236 4397.037
5189 -322.390 -114.039 4401.060
5190 -296.964 -41.543 4395.561
5191 -517.833 101.534 4398.396
5192 158.749 311.845 4399.358
5193 -505.116 215.162 4401.429
5194 -492.035 -93.440 4397.180
5195 -359.056 161.555 4394.139
5196 -178.789 386.535 4396.939
5197 -387.563 146.520 4396.214
5198 -375.973 179.012 4396.094
5199 -517.936 221.559 4401.351
5200 -440.149 -63.435 4397.463
5201 -530.958 139.065 4398.815
5202 -388.179 161.485 4396.551
5203 -440.089 191.495 4398.319
5204 -233.674 12.230 4396.252
5205 -228.548 19.089 4396.307
5206 -241.922 11.359 4396.239
5207 -244.009 31.709 4396.140
5208 -222.274 18.827 4396.383
5209 -230.980 39.149 4396.919
5210 -427.105 93.061 4399.244
5211 -388.165 -63.451 4398.987
5212 -221.540 44.294 4397.940
5213 -167.376 379.063 4396.825
5214 -426.971 124.106 4398.060
5215 -518.054 116.519 4398.495
5216 -349.111 424.188 4405.004
5217 -325.908 4.595 4396.453
5218 -527.718 117.626 4398.165
5219 -491.843 206.503 4401.422
5220 -517.993 236.464 4401.772
5221 -466.137 206.529 4401.493
5222 -335.216 11.286 4395.889
5223 -479.056 214.043 4402.444
5224 -491.918 191.333 4403.905
5225 -349.271 244.077 4396.716
5226 -335.702 25.339 4394.921
5227 -348.664 18.549 4396.568
5228 -530.939 49.024 4397.523
5229 -387.608 42.410 4398.635
5230 -309.613 11.469 4396.113
5231 -307.179 -4.718 4396.175
5232 -351.944 -111.908 4397.785
5233 -375.638 258.987 4399.078
5234 -362.102 236.502 4396.970
5235 -544.297 56.526 4396.927
5236 -426.739 276.022 4400.756
5237 -167.321 393.825 4396.879
5238 -570.343 56.593 4396.631
5239 -560.823 46.264 4397.452
5240 -362.017 -108.221 4397.994
5241 -417.614 58.320 4399.883
5242 -414.032 131.568 4396.789
5243 -284.115 476.510 4404.652
5244 -414.148 116.574 4397.592
5245 -167.208 424.355 4398.379
5246 -569.971 -33.391 4396.855
5247 -569.817 116.502 4398.017
5248 -362.128 -62.605 4399.667
5249 -531.033 93.965 4396.602
5250 -102.389 -303.225 4398.754
5251 -232.238 161.894 4396.918
5252 -89.652 513.753 4400.711
5253 -154.306 266.863 4394.416
5254 -503.888 -100.715 4396.372
5255 -427.057 32.128 4403.824
